"","Sequence","mcg","gvh","alm","mit","erl","pox","vac","nuc","class"
"6","AATC_YEAST",0.51,0.4,0.56,0.17,0.5,0.5,0.49,0.22,1
"10","ABP1_YEAST",0.4,0.39,0.6,0.15,0.5,0,0.58,0.3,1
"13","ACH1_YEAST",0.4,0.42,0.57,0.35,0.5,0,0.53,0.25,1
"16","ACT_YEAST",0.46,0.44,0.52,0.11,0.5,0,0.5,0.22,1
"17","ACT2_YEAST",0.47,0.39,0.5,0.11,0.5,0,0.49,0.4,1
"21","C1TC_YEAST",0.45,0.4,0.5,0.16,0.5,0,0.5,0.22,1
"22","PUR4_YEAST",0.43,0.44,0.48,0.22,0.5,0,0.51,0.22,1
"23","PUR3_YEAST",0.73,0.63,0.42,0.3,0.5,0,0.49,0.22,1
"24","ADH1_YEAST",0.43,0.53,0.52,0.13,0.5,0,0.55,0.22,1
"25","ADH2_YEAST",0.46,0.53,0.52,0.15,0.5,0,0.58,0.22,1
"27","ADH4_YEAST",0.59,0.45,0.53,0.19,0.5,0,0.59,0.27,1
"28","KAD1_YEAST",0.57,0.47,0.6,0.18,0.5,0,0.51,0.22,1
"33","AFR1_YEAST",0.38,0.61,0.61,0.12,0.5,0,0.53,0.47,1
"38","SYAC_YEAST",0.4,0.45,0.57,0.18,0.5,0,0.56,0.26,1
"51","ADB2_YEAST",0.48,0.39,0.51,0.21,0.5,0,0.52,0.28,1
"54","ARD1_YEAST",0.56,0.48,0.58,0.27,0.5,0,0.51,0.22,1
"55","ARF1_YEAST",0.64,0.59,0.56,0.23,0.5,0,0.46,0.22,1
"56","ARF2_YEAST",0.64,0.56,0.56,0.22,0.5,0,0.45,0.22,1
"57","ASSY_YEAST",0.66,0.62,0.49,0.1,0.5,0,0.49,0.22,1
"58","OTC_YEAST",0.53,0.44,0.51,0.33,0.5,0,0.55,0.22,1
"59","ARLY_YEAST",0.38,0.49,0.53,0.19,0.5,0,0.5,0.22,1
"65","ARO1_YEAST",0.54,0.48,0.44,0.08,0.5,0,0.52,0.27,1
"66","AROC_YEAST",0.6,0.47,0.45,0.22,0.5,0,0.51,0.29,1
"67","AROF_YEAST",0.34,0.46,0.57,0.09,0.5,0,0.55,0.22,1
"68","AROG_YEAST",0.48,0.54,0.55,0.12,0.5,0,0.51,0.22,1
"69","CHMU_YEAST",0.47,0.39,0.59,0.15,0.5,0,0.57,0.22,1
"71","AST1_YEAST",0.48,0.42,0.52,0.24,0.5,0,0.56,0.22,1
"72","ATE1_YEAST",0.58,0.51,0.49,0.27,0.5,0,0.57,0.29,1
"90","BCK1_YEAST",0.42,0.47,0.52,0.41,0.5,0,0.53,0.32,1
"91","BCK2_YEAST",0.36,0.46,0.62,0.46,0.5,0,0.51,0.33,1
"93","KAPR_YEAST",0.4,0.45,0.56,0.2,0.5,0,0.45,0.22,1
"95","BEM1_YEAST",0.49,0.61,0.49,0.25,0.5,0,0.5,0.28,1
"100","BIK1_YEAST",0.64,0.57,0.57,0.27,0.5,0,0.37,0.22,1
"103","BUD5_YEAST",0.47,0.52,0.5,0.4,0.5,0,0.41,0.22,1
"105","CAP2_YEAST",0.47,0.39,0.55,0.24,0.5,0,0.47,0.22,1
"107","CAPA_YEAST",0.42,0.35,0.54,0.18,0.5,0,0.56,0.22,1
"108","CAPB_YEAST",0.3,0.56,0.55,0.18,0.5,0,0.5,0.22,1
"109","ARGI_YEAST",0.65,0.65,0.52,0.16,0.5,0,0.6,0.22,1
"110","OAT_YEAST",0.27,0.6,0.48,0.23,0.5,0,0.55,0.22,1
"130","CTPT_YEAST",0.41,0.4,0.59,0.47,0.5,0,0.48,0.43,1
"131","CC10_YEAST",0.5,0.64,0.57,0.15,0.5,0,0.47,0.22,1
"132","CC11_YEAST",0.4,0.62,0.52,0.31,0.5,0,0.49,0.31,1
"133","CC12_YEAST",0.6,0.5,0.57,0.25,0.5,0,0.41,0.26,1
"136","CC24_YEAST",0.34,0.54,0.5,0.21,0.5,0,0.54,0.31,1
"139","CDC3_YEAST",0.29,0.32,0.58,0.15,0.5,0,0.5,0.3,1
"141","IF4E_YEAST",0.39,0.47,0.56,0.16,0.5,0,0.47,0.22,1
"145","CC4_YEAST",0.43,0.57,0.53,0.16,0.5,0,0.54,0.22,1
"147","CC42_YEAST",0.59,0.48,0.5,0.14,0.5,0,0.45,0.25,1
"148","CAL1_YEAST",0.39,0.55,0.48,0.31,0.5,0,0.54,0.29,1
"152","CC48_YEAST",0.44,0.39,0.53,0.14,0.5,0,0.54,0.44,1
"154","SYLC_YEAST",0.45,0.43,0.51,0.24,0.5,0,0.54,0.33,1
"157","KTHY_YEAST",0.42,0.43,0.56,0.1,0.5,0,0.49,0.22,1
"161","RLUB_YEAST",0.4,0.42,0.71,0.21,0.5,0,0.54,0.32,1
"162","RLUB_YEAST",0.4,0.42,0.71,0.21,0.5,0,0.54,0.32,1
"163","CLH_YEAST",0.54,0.49,0.49,0.2,0.5,0,0.52,0.22,1
"172","CIN1_YEAST",0.48,0.61,0.44,0.2,0.5,0,0.47,0.22,1
"173","CIN4_YEAST",0.66,0.45,0.5,0.23,0.5,0,0.49,0.22,1
"174","CIN8_YEAST",0.21,0.41,0.55,0.11,0.5,0,0.5,0.27,1
"180","KICH_YEAST",0.39,0.4,0.53,0.67,0.5,0,0.47,0.22,1
"181","CLC1_YEAST",0.24,0.34,0.69,0.18,0.5,0,0.52,0.22,1
"182","CG11_YEAST",0.49,0.43,0.51,0.13,0.5,0,0.47,0.22,1
"183","CG12_YEAST",0.54,0.38,0.52,0.18,0.5,0,0.48,0.22,1
"184","CG13_YEAST",0.43,0.57,0.53,0.53,0.5,0,0.53,0.25,1
"185","CALM_YEAST",0.48,0.64,0.61,0.23,0.5,0,0.6,0.22,1
"186","KCC1_YEAST",0.31,0.55,0.52,0.17,0.5,0,0.52,0.22,1
"187","KCC2_YEAST",0.32,0.57,0.5,0.15,0.5,0,0.53,0.22,1
"188","P2B1_YEAST",0.32,0.42,0.52,0.24,0.5,0,0.6,0.22,1
"189","P2B2_YEAST",0.59,0.5,0.52,0.28,0.5,0,0.55,0.25,1
"190","CALB_YEAST",0.37,0.42,0.51,0.11,0.5,0,0.57,0.22,1
"193","COFI_YEAST",0.44,0.42,0.6,0.21,0.5,0,0.57,0.22,1
"214","CARA_YEAST",0.53,0.51,0.46,0.28,0.5,0,0.48,0.22,1
"215","CARB_YEAST",0.35,0.66,0.49,0.21,0.5,0,0.54,0.25,1
"216","CYPH_YEAST",0.52,0.4,0.6,0.12,0.5,0,0.55,0.22,1
"224","R141_YEAST",0.57,0.41,0.59,0.24,0.5,0,0.4,0.22,1
"225","R142_YEAST",0.56,0.41,0.58,0.21,0.5,0,0.42,0.22,1
"236","CATT_YEAST",0.41,0.51,0.58,0.15,0.5,0,0.45,0.27,1
"237","MTC_YEAST",0.38,0.51,0.75,0.17,0.5,0,0.55,0.22,1
"238","MTC_YEAST",0.38,0.51,0.75,0.17,0.5,0,0.55,0.22,1
"244","RL2A_YEAST",0.45,0.27,0.57,0.36,0.5,0,0.52,0.18,1
"245","CYAA_YEAST",0.2,0.26,0.52,0.14,0.5,0,0.53,0.44,1
"246","CYS3_YEAST",0.51,0.53,0.55,0.14,0.5,0,0.51,0.22,1
"262","DEP1_YEAST",0.38,0.48,0.59,0.22,0.5,0,0.46,0.22,1
"263","DYR_YEAST",0.8,0.46,0.5,0.15,0.5,0,0.53,0.22,1
"271","SYDC_YEAST",0.46,0.35,0.53,0.16,0.5,0,0.51,0.29,1
"274","DSS4_YEAST",0.56,0.52,0.55,0.19,0.5,0,0.54,0.22,1
"278","EF1B_YEAST",0.39,0.45,0.53,0.18,0.5,0,0.54,0.22,1
"279","EF2_YEAST",0.52,0.54,0.5,0.21,0.5,0,0.48,0.3,1
"283","END3_YEAST",0.55,0.46,0.53,0.11,0.5,0,0.52,0.48,1
"284","ENO1_YEAST",0.45,0.56,0.54,0.32,0.5,0,0.57,0.22,1
"285","ENO2_YEAST",0.45,0.56,0.53,0.32,0.5,0,0.57,0.22,1
"290","THIL_YEAST",0.54,0.65,0.49,0.34,0.5,0,0.52,0.22,1
"292","KIME_YEAST",0.59,0.58,0.46,0.19,0.5,0,0.56,0.27,1
"294","FPPS_YEAST",0.55,0.56,0.45,0.14,0.5,0,0.54,0.22,1
"298","ERG6_YEAST",0.32,0.47,0.55,0.12,0.5,0,0.52,0.22,1
"300","ERG8_YEAST",0.62,0.58,0.46,0.13,0.5,0,0.53,0.22,1
"307","LCF2_YEAST",0.35,0.46,0.49,0.15,1,0,0.55,0.35,1
"308","FAD1_YEAST",0.43,0.51,0.48,0.14,0.5,0,0.5,0.22,1
"309","FAS1_YEAST",0.57,0.61,0.45,0.26,0.5,0,0.5,0.22,1
"310","FAS2_YEAST",0.63,0.62,0.42,0.12,0.5,0,0.52,0.25,1
"311","COAC_YEAST",0.25,0.4,0.51,0.18,0.5,0,0.5,0.27,1
"312","ALF_YEAST",0.56,0.62,0.53,0.24,0.5,0,0.57,0.22,1
"313","F16P_YEAST",0.58,0.6,0.51,0.24,0.5,0,0.53,0.22,1
"314","F26_YEAST",0.71,0.59,0.53,0.15,0.5,0,0.49,0.33,1
"322","FKBP_YEAST",0.35,0.36,0.57,0.17,0.5,0,0.52,0.22,1
"328","SYFA_YEAST",0.45,0.4,0.56,0.14,0.5,0,0.54,0.22,1
"329","SYFB_YEAST",0.47,0.47,0.58,0.16,0.5,0,0.49,0.28,1
"330","FUMH_YEAST",0.41,0.39,0.51,0.52,0.5,0,0.49,0.22,1
"332","FUR1_YEAST",0.69,0.6,0.5,0.31,0.5,0,0.55,0.22,1
"335","FUS3_YEAST",0.51,0.58,0.54,0.29,0.5,0,0.53,0.22,1
"337","GAC1_YEAST",0.55,0.66,0.57,0.32,0.5,0,0.57,0.34,1
"338","GAL1_YEAST",0.48,0.35,0.42,0.21,0.5,0,0.57,0.22,1
"339","GALX_YEAST",0.62,0.58,0.52,0.15,0.5,0,0.52,0.29,1
"343","GAL7_YEAST",0.5,0.5,0.48,0.17,0.5,0,0.47,0.26,1
"349","E2BG_YEAST",0.45,0.42,0.52,0.2,0.5,0,0.5,0.25,1
"350","IF2G_YEAST",0.51,0.35,0.46,0.15,0.5,0,0.51,0.42,1
"351","E2BD_YEAST",0.42,0.39,0.47,0.13,0.5,0,0.5,0.27,1
"352","E2BE_YEAST",0.32,0.38,0.52,0.2,0.5,0,0.52,0.28,1
"353","E2BB_YEAST",0.59,0.65,0.52,0.3,0.5,0,0.46,0.31,1
"354","GCN1_YEAST",0.41,0.52,0.41,0.11,0.5,0,0.54,0.35,1
"355","GCN2_YEAST",0.37,0.33,0.5,0.12,0.5,0,0.51,0.54,1
"356","E2BA_YEAST",0.45,0.56,0.49,0.17,0.5,0,0.52,0.22,1
"363","GCY_YEAST",0.6,0.4,0.59,0.18,0.5,0,0.48,0.22,1
"365","DHE4_YEAST",0.38,0.47,0.53,0.12,0.5,0,0.48,0.22,1
"366","DHE2_YEAST",0.59,0.43,0.52,0.19,0.5,0,0.55,0.27,1
"367","GDI1_YEAST",0.64,0.53,0.45,0.13,0.5,0,0.53,0.22,1
"369","GFA1_YEAST",0.52,0.51,0.51,0.12,0.5,0,0.51,0.4,1
"370","GLGB_YEAST",0.49,0.43,0.48,0.15,0.5,0,0.55,0.25,1
"371","PP12_YEAST",0.49,0.47,0.52,0.16,0.5,0,0.53,0.28,1
"372","HXKG_YEAST",0.48,0.39,0.49,0.18,0.5,0,0.51,0.22,1
"373","GLNA_YEAST",0.44,0.34,0.55,0.18,0.5,0,0.52,0.22,1
"375","SYQ_YEAST",0.49,0.42,0.54,0.17,0.5,0,0.5,0.36,1
"378","6PGD_YEAST",0.74,0.53,0.5,0.08,0.5,0,0.55,0.31,1
"380","GBA1_YEAST",0.3,0.5,0.47,0.11,0.5,0,0.46,0.22,1
"381","GPDA_YEAST",0.44,0.51,0.48,0.38,0.5,0,0.52,0.22,1
"382","PHSG_YEAST",0.31,0.45,0.5,0.17,0.5,0,0.49,0.22,1
"383","PMGY_YEAST",0.55,0.41,0.56,0.21,0.5,0,0.52,0.22,1
"385","SYG_YEAST",0.4,0.48,0.5,0.17,0.5,0,0.54,0.5,1
"388","UGS1_YEAST",0.58,0.45,0.48,0.24,0.5,0,0.52,0.37,1
"389","UGS2_YEAST",0.58,0.41,0.51,0.26,0.5,0,0.51,0.37,1
"392","HAL1_YEAST",0.38,0.49,0.61,0.13,0.5,0,0.54,0.22,1
"397","HBS1_YEAST",0.21,0.38,0.49,0.16,0.5,0,0.51,0.45,1
"401","DCUP_YEAST",0.48,0.34,0.47,0.14,0.5,0,0.47,0.26,1
"402","HEM6_YEAST",0.35,0.4,0.53,0.18,0.5,0,0.42,0.38,1
"404","HEM2_YEAST",0.53,0.43,0.47,0.15,0.5,0,0.58,0.22,1
"405","HEM3_YEAST",0.46,0.45,0.56,0.16,0.5,0,0.56,0.22,1
"414","HIS7_YEAST",0.56,0.44,0.56,0.19,0.5,0,0.54,0.22,1
"427","HS83_YEAST",0.61,0.54,0.49,0.16,0.5,0,0.54,0.42,1
"430","H104_YEAST",0.66,0.62,0.52,0.17,0.5,0,0.49,0.22,1
"431","HS26_YEAST",0.44,0.41,0.58,0.2,0.5,0,0.57,0.25,1
"435","HS82_YEAST",0.61,0.54,0.49,0.19,0.5,0,0.54,0.47,1
"441","HXKA_YEAST",0.41,0.3,0.49,0.28,0.5,0,0.54,0.22,1
"442","HXKB_YEAST",0.41,0.43,0.5,0.28,0.5,0,0.5,0.22,1
"454","IPPI_YEAST",0.51,0.43,0.63,0.18,0.5,0,0.52,0.22,1
"457","SYI_YEAST",0.5,0.46,0.52,0.16,0.5,0,0.52,0.26,1
"465","INO1_YEAST",0.51,0.34,0.43,0.18,0.5,0,0.48,0.25,1
"468","IPYR_YEAST",0.43,0.51,0.6,0.25,0.5,0,0.55,0.22,1
"487","JNM1_YEAST",0.42,0.25,0.6,0.14,0.5,0,0.45,0.22,1
"501","KIP1_YEAST",0.43,0.52,0.53,0.52,1,0,0.49,0.22,1
"502","KIP2_YEAST",0.38,0.49,0.54,1,0.5,0,0.5,0.27,1
"505","KR11_YEAST",0.27,0.56,0.56,0.18,0.5,0,0.52,0.22,1
"510","SYKC_YEAST",0.43,0.45,0.54,0.14,0.5,0,0.5,0.31,1
"518","BLH1_YEAST",0.52,0.48,0.58,0.55,0.5,0,0.48,0.22,1
"524","LEU2_YEAST",0.51,0.43,0.47,0.19,0.5,0,0.52,0.37,1
"525","LEU3_YEAST",0.54,0.54,0.49,0.14,0.5,0,0.56,0.22,1
"533","LYS1_YEAST",0.5,0.45,0.48,0.17,0.5,0,0.5,0.26,1
"535","LYS2_YEAST",0.46,0.47,0.46,0.16,0.5,0,0.51,0.22,1
"541","MAK3_YEAST",0.5,0.34,0.62,0.19,0.5,0,0.57,0.22,1
"543","MA3S_YEAST",0.39,0.37,0.56,0.15,0.5,0,0.5,0.27,1
"547","AMPM_YEAST",0.48,0.51,0.57,0.24,0.5,0,0.5,0.22,1
"558","MDHC_YEAST",0.62,0.6,0.47,0.16,0.5,0,0.53,0.22,1
"563","MDM1_YEAST",0.49,0.44,0.45,0.22,0.5,0,0.51,0.22,1
"573","SYMC_YEAST",0.57,0.44,0.42,0.2,0.5,0,0.54,0.22,1
"574","MET2_YEAST",0.4,0.47,0.48,0.18,0.5,0,0.46,0.22,1
"575","MT17_YEAST",0.34,0.54,0.54,0.13,0.5,0,0.52,0.22,1
"578","METE_YEAST",0.29,0.46,0.54,0.27,0.5,0,0.49,0.22,1
"592","MLP1_YEAST",0.46,0.55,0.61,0.13,0.5,0,0.47,0.22,1
"655","MTD1_YEAST",0.57,0.4,0.48,0.24,0.5,0,0.55,0.22,1
"659","MYS1_YEAST",0.58,0.38,0.4,0.21,0.5,0,0.5,0.22,1
"660","MYS2_YEAST",0.53,0.41,0.5,0.24,1,0,0.47,0.22,1
"661","MYS4_YEAST",0.43,0.4,0.5,0.18,0.5,0,0.5,0.28,1
"667","NAB1_YEAST",0.49,0.6,0.55,0.17,0.5,0,0.44,0.22,1
"672","NAM7_YEAST",0.37,0.41,0.45,0.14,0.5,0,0.47,0.22,1
"675","NAT1_YEAST",0.5,0.36,0.53,0.41,0.5,0,0.55,0.36,1
"676","NAT2_YEAST",0.59,0.58,0.39,0.52,0.5,0,0.5,0.31,1
"687","NIN1_YEAST",0.47,0.5,0.55,0.19,0.5,0,0.62,0.22,1
"688","NIP1_YEAST",0.35,0.5,0.44,0.27,0.5,0,0.51,0.22,1
"690","NMT_YEAST",0.49,0.44,0.51,0.18,0.5,0,0.52,0.27,1
"698","TREA_YEAST",0.29,0.34,0.55,0.24,0.5,0,0.51,0.22,1
"722","PABP_YEAST",0.28,0.48,0.56,0.16,0.5,0,0.48,0.26,1
"723","PAN1_YEAST",0.69,0.39,0.52,0.12,0.5,0,0.38,0.35,1
"725","PAS1_YEAST",0.56,0.48,0.5,0.3,0.5,0,0.51,0.22,1
"730","IPB2_YEAST",0.45,0.46,0.61,0.2,0.5,0,0.62,0.22,1
"734","DCP1_YEAST",0.49,0.45,0.53,0.16,0.5,0,0.49,0.31,1
"735","PDC2_YEAST",0.51,0.46,0.57,0.25,0.5,0,0.53,0.22,1
"736","DCP2_YEAST",0.49,0.45,0.46,0.18,0.5,0,0.49,0.31,1
"737","DCP3_YEAST",0.52,0.46,0.51,0.18,0.5,0,0.5,0.22,1
"738","CNA1_YEAST",0.55,0.59,0.52,0.1,0.5,0,0.53,0.22,1
"739","CNA2_YEAST",0.39,0.58,0.5,0.1,0.5,0,0.51,0.25,1
"763","K6P1_YEAST",0.57,0.49,0.5,0.2,0.5,0,0.51,0.28,1
"764","K6P2_YEAST",0.62,0.43,0.49,0.29,0.5,0,0.5,0.27,1
"765","6P2K_YEAST",0.45,0.41,0.49,0.14,1,0,0.53,0.3,1
"766","PROF_YEAST",0.47,0.49,0.6,0.15,0.5,0,0.38,0.22,1
"768","G6PI_YEAST",0.46,0.46,0.53,0.23,0.5,0,0.51,0.22,1
"769","PGK_YEAST",0.48,0.42,0.48,0.19,0.5,0,0.58,0.22,1
"770","PGM1_YEAST",0.43,0.45,0.53,0.19,0.5,0,0.56,0.22,1
"771","PGM2_YEAST",0.28,0.36,0.55,0.15,0.5,0,0.57,0.22,1
"775","PNPP_YEAST",0.38,0.62,0.52,0.14,0.5,0,0.53,0.22,1
"796","MANA_YEAST",0.55,0.51,0.54,0.2,0.5,0,0.56,0.22,1
"816","PPCK_YEAST",0.45,0.47,0.53,0.15,0.5,0,0.52,0.27,1
"818","PPX1_YEAST",0.51,0.48,0.46,0.29,0.5,0,0.54,0.22,1
"822","PRCG_YEAST",0.55,0.63,0.54,0.16,0.5,0,0.45,0.27,1
"823","PRCE_YEAST",0.46,0.62,0.54,0.25,0.5,0,0.46,0.22,1
"824","PRCD_YEAST",0.53,0.59,0.48,0.14,0.5,0,0.51,0.22,1
"825","PRCH_YEAST",0.42,0.53,0.57,0.17,0.5,0,0.49,0.22,1
"826","PRC2_YEAST",0.52,0.46,0.56,0.2,0.5,0,0.5,0.22,1
"827","PRC6_YEAST",0.53,0.43,0.57,0.24,0.5,0,0.39,0.28,1
"830","PROB_YEAST",0.56,0.48,0.5,0.17,0.5,0,0.51,0.26,1
"831","PROC_YEAST",0.77,0.57,0.45,0.17,0.5,0,0.53,0.22,1
"846","PRC8_YEAST",0.45,0.45,0.52,0.17,0.5,0,0.54,0.22,1
"847","PRC5_YEAST",0.28,0.51,0.55,0.19,0.5,0,0.57,0.22,1
"848","PRC3_YEAST",0.51,0.51,0.56,0.28,0.5,0,0.54,0.27,1
"849","PRC9_YEAST",0.48,0.56,0.49,0.32,0.5,0,0.5,0.22,1
"850","PRT1_YEAST",0.59,0.46,0.48,0.46,0.5,0,0.49,0.22,1
"854","PTP1_YEAST",0.53,0.45,0.53,0.18,0.5,0,0.42,0.22,1
"855","PTP2_YEAST",0.45,0.27,0.5,0.33,0.5,0,0.53,0.26,1
"857","PUB1_YEAST",0.48,0.5,0.56,0.11,0.5,0,0.33,0.22,1
"858","PRCF_YEAST",0.35,0.47,0.53,0.19,0.5,0,0.48,0.22,1
"859","PRCZ_YEAST",0.48,0.48,0.56,0.18,0.5,0,0.58,0.22,1
"864","PYC1_YEAST",0.46,0.43,0.5,0.24,0.5,0,0.48,0.31,1
"865","PYC2_YEAST",0.43,0.46,0.5,0.21,0.5,0,0.49,0.34,1
"866","KPYK_YEAST",0.61,0.55,0.51,0.26,0.5,0,0.52,0.22,1
"894","RAM1_YEAST",0.59,0.47,0.51,0.53,0.5,0,0.53,0.26,1
"895","RAM2_YEAST",0.4,0.6,0.5,0.16,0.5,0,0.51,0.22,1
"897","RAS1_YEAST",0.61,0.46,0.54,0.11,0.5,0,0.47,0.22,1
"898","RAS2_YEAST",0.66,0.55,0.54,0.18,0.5,0,0.43,0.22,1
"916","RHO1_YEAST",0.6,0.48,0.46,0.32,0.5,0,0.4,0.33,1
"917","RHO2_YEAST",0.64,0.44,0.51,0.35,0.5,0,0.53,0.22,1
"923","RNA1_YEAST",0.45,0.52,0.5,0.12,0.5,0,0.6,0.22,1
"929","RS3A_YEAST",0.38,0.4,0.59,0.25,0.5,0,0.44,0.22,1
"930","RS3B_YEAST",0.39,0.39,0.59,0.25,0.5,0,0.45,0.22,1
"931","R13A_YEAST",0.54,0.55,0.56,0.14,0.5,0,0.5,0.25,1
"932","RL18_YEAST",0.45,0.5,0.57,0.29,0.5,0,0.44,0.11,1
"933","RL18_YEAST",0.45,0.5,0.57,0.29,0.5,0,0.44,0.11,1
"934","RS24_YEAST",0.61,0.38,0.57,0.36,0.5,0,0.44,0.21,1
"935","RS24_YEAST",0.61,0.38,0.57,0.36,0.5,0,0.44,0.21,1
"936","R17A_YEAST",0.43,0.33,0.54,0.37,0.5,0,0.38,0.16,1
"937","R17B_YEAST",0.43,0.33,0.54,0.37,0.5,0,0.38,0.16,1
"938","R61A_YEAST",0.51,0.39,0.58,0.19,0.5,0,0.47,0.22,1
"962","RL1_YEAST",0.35,0.33,0.48,0.42,0.5,0,0.47,0.43,1
"963","RL15_YEAST",0.46,0.35,0.69,0.18,0.5,0,0.3,0.25,1
"964","RL15_YEAST",0.46,0.35,0.69,0.18,0.5,0,0.3,0.25,1
"965","R14A_YEAST",0.57,0.43,0.52,0.3,0.5,0,0.37,0.11,1
"966","R14B_YEAST",0.57,0.43,0.52,0.3,0.5,0,0.37,0.11,1
"967","RL12_YEAST",0.59,0.51,0.48,0.12,0.5,0,0.54,0.31,1
"968","RL12_YEAST",0.59,0.51,0.48,0.12,0.5,0,0.54,0.31,1
"969","RL16_YEAST",0.61,0.53,0.59,0.17,0.5,0,0.44,0.28,1
"970","RL1A_YEAST",0.61,0.48,0.56,0.19,0.5,0,0.53,0.31,1
"971","RL1A_YEAST",0.61,0.48,0.56,0.19,0.5,0,0.53,0.31,1
"972","R16A_YEAST",0.44,0.56,0.52,0.18,0.5,0,0.5,0.11,1
"973","R16B_YEAST",0.36,0.56,0.52,0.18,0.5,0,0.45,0.16,1
"974","RL17_YEAST",0.37,0.44,0.64,0.48,0.5,0,0.36,0.27,1
"975","RL19_YEAST",0.72,0.37,0.63,0.38,0.5,0,0.4,0.14,1
"976","RL19_YEAST",0.72,0.37,0.63,0.38,0.5,0,0.4,0.14,1
"977","RL25_YEAST",0.44,0.36,0.64,0.45,0.5,0,0.53,0.11,1
"978","RL27_YEAST",0.58,0.45,0.55,0.27,0.5,0,0.48,0.11,1
"979","RL2_YEAST",0.63,0.64,0.45,0.26,0.5,0,0.43,0.22,1
"980","RL2_YEAST",0.63,0.64,0.45,0.26,0.5,0,0.43,0.22,1
"981","RL3A_YEAST",0.43,0.33,0.67,0.12,0.5,0,0.45,0.23,1
"982","RL3B_YEAST",0.43,0.33,0.67,0.12,0.5,0,0.43,0.23,1
"983","RL3E_YEAST",0.58,0.44,0.5,0.26,0.5,0,0.52,0.22,1
"984","RL34_YEAST",0.38,0.43,0.53,0.22,0.5,0,0.48,0.11,1
"985","R37A_YEAST",0.4,0.45,0.61,0.29,0.5,0,0.44,0.22,1
"986","R37B_YEAST",0.4,0.45,0.61,0.29,0.5,0,0.44,0.22,1
"987","RL44_YEAST",0.34,0.34,0.65,0.4,0.5,0,0.32,0.16,1
"988","RL44_YEAST",0.34,0.34,0.65,0.4,0.5,0,0.32,0.16,1
"989","RL46_YEAST",0.43,0.22,0.79,0.79,0.5,0,0.22,0,1
"990","RL41_YEAST",0.35,0.21,1,0.8,0.5,0,0.13,0.01,1
"991","RL41_YEAST",0.35,0.21,1,0.8,0.5,0,0.13,0.01,1
"992","RL4A_YEAST",0.56,0.35,0.47,0.41,0.5,0,0.5,0.22,1
"993","RL4B_YEAST",0.56,0.35,0.47,0.35,0.5,0,0.52,0.22,1
"994","RL6_YEAST",0.54,0.44,0.55,0.48,0.5,0,0.47,0.22,1
"995","RL71_YEAST",0.35,0.39,0.56,0.2,0.5,0,0.49,0.41,1
"996","RL9_YEAST",0.48,0.46,0.58,0.16,0.5,0,0.45,0.22,1
"997","RLA0_YEAST",0.48,0.55,0.48,0.1,0.5,0,0.55,0.22,1
"998","RLA1_YEAST",0.66,0.6,0.52,0.19,0.5,0,0.69,0.22,1
"999","RLA2_YEAST",0.69,0.54,0.55,0.23,0.5,0,0.73,0.22,1
"1000","RLA3_YEAST",0.73,0.6,0.47,0.2,0.5,0,0.72,0.22,1
"1001","RLA4_YEAST",0.78,0.82,0.56,0.21,0.5,0,0.69,0.22,1
"1006","RS6_YEAST",0.46,0.33,0.45,0.22,0.5,0,0.41,0.37,1
"1007","R19A_YEAST",0.52,0.43,0.61,0.22,0.5,0,0.45,0.22,1
"1008","R19B_YEAST",0.52,0.43,0.61,0.22,0.5,0,0.45,0.22,1
"1009","RS41_YEAST",0.32,0.44,0.54,0.21,0.5,0,0.4,0.19,1
"1010","RS41_YEAST",0.32,0.44,0.54,0.21,0.5,0,0.4,0.19,1
"1011","RS15_YEAST",0.48,0.41,0.52,0.33,0.5,0,0.51,0.26,1
"1012","RS22_YEAST",0.46,0.39,0.54,0.22,0.5,0,0.48,0.25,1
"1013","RS22_YEAST",0.46,0.39,0.54,0.22,0.5,0,0.48,0.25,1
"1014","RS21_YEAST",0.42,0.5,0.64,0.13,0.5,0,0.49,0.22,1
"1015","R26A_YEAST",0.46,0.54,0.59,0.41,0.5,0,0.53,0.21,1
"1016","R26B_YEAST",0.46,0.54,0.59,0.41,0.5,0,0.53,0.21,1
"1017","R271_YEAST",0.39,0.65,0.57,0.19,0.5,0,0.44,0.25,1
"1018","R272_YEAST",0.39,0.65,0.57,0.19,0.5,0,0.43,0.25,1
"1019","RS28_YEAST",0.38,0.5,0.52,0.44,0.5,0,0.54,0.11,1
"1020","RS28_YEAST",0.38,0.5,0.52,0.44,0.5,0,0.54,0.11,1
"1021","RS3_YEAST",0.51,0.52,0.58,0.17,0.5,0,0.47,0.28,1
"1022","RS31_YEAST",0.57,0.48,0.54,0.22,0.5,0,0.5,0.11,1
"1023","RS33_YEAST",0.5,0.5,0.62,0.23,0.5,0,0.35,0.11,1
"1024","RS37_YEAST",0.41,0.49,0.65,0.28,0.5,0,0.59,0.57,1
"1025","RS4E_YEAST",0.53,0.57,0.6,0.36,0.5,0,0.5,0.22,1
"1026","RS4E_YEAST",0.53,0.57,0.6,0.36,0.5,0,0.5,0.22,1
"1027","RS8_YEAST",0.37,0.3,0.62,0.43,0.5,0,0.44,0.39,1
"1028","RS8_YEAST",0.37,0.3,0.62,0.43,0.5,0,0.44,0.39,1
"1032","R161_YEAST",0.49,0.4,0.58,0.23,0.5,0,0.47,0.27,1
"1033","R167_YEAST",0.37,0.37,0.51,0.38,0.5,0,0.44,0.22,1
"1035","FIMB_YEAST",0.51,0.4,0.5,0.28,0.5,0,0.48,0.27,1
"1036","SAC7_YEAST",0.34,0.25,0.55,0.28,0.5,0,0.51,0.49,1
"1038","SAR1_YEAST",0.59,0.54,0.53,0.14,0.5,0,0.48,0.22,1
"1039","SC25_YEAST",0.5,0.48,0.48,0.23,0.5,0,0.53,0.68,1
"1041","PRCI_YEAST",0.56,0.42,0.52,0.14,0.5,0,0.51,0.22,1
"1049","SDHL_YEAST",0.46,0.42,0.51,0.16,0.5,0,0.56,0.22,1
"1050","SEC1_YEAST",0.6,0.51,0.49,0.18,0.5,0,0.53,0.38,1
"1053","SC13_YEAST",0.49,0.38,0.56,0.09,0.5,0,0.46,0.22,1
"1054","SC14_YEAST",0.38,0.4,0.53,0.12,0.5,0,0.55,0.22,1
"1055","SC15_YEAST",0.55,0.55,0.52,0.13,0.5,0,0.53,0.25,1
"1056","SC17_YEAST",0.46,0.44,0.58,0.17,0.5,0,0.55,0.22,1
"1057","SC18_YEAST",0.34,0.46,0.52,0.19,0.5,0,0.53,0.26,1
"1058","SEC2_YEAST",0.58,0.56,0.46,0.14,0.5,0,0.51,0.22,1
"1060","SC21_YEAST",0.44,0.71,0.5,0.21,0.5,0,0.54,0.27,1
"1062","SC23_YEAST",0.41,0.49,0.47,0.09,0.5,0,0.49,0.22,1
"1063","SEC4_YEAST",0.44,0.51,0.53,0.3,0.5,0,0.53,0.22,1
"1064","PMM_YEAST",0.54,0.51,0.56,0.15,0.5,0,0.54,0.31,1
"1066","SEC6_YEAST",0.46,0.38,0.51,0.2,0.5,0,0.51,0.22,1
"1070","SC65_YEAST",0.41,0.4,0.56,0.17,0.5,0,0.56,0.22,1
"1073","SC72_YEAST",0.59,0.55,0.57,0.18,0.5,0,0.51,0.22,1
"1074","SEC8_YEAST",0.48,0.51,0.5,0.24,0.5,0,0.54,0.38,1
"1075","SEC9_YEAST",0.39,0.3,0.63,0.2,0.5,0,0.43,0.47,1
"1082","SYSC_YEAST",0.3,0.33,0.55,0.12,0.5,0,0.53,0.38,1
"1089","GLYC_YEAST",0.53,0.49,0.47,0.21,0.5,0,0.53,0.22,1
"1091","SIC1_YEAST",0.42,0.43,0.67,0.7,0.5,0,0.42,0.25,1
"1100","SIS1_YEAST",0.56,0.55,0.57,0.15,0.5,0,0.54,0.25,1
"1106","SLA1_YEAST",0.37,0.55,0.52,0.13,0.5,0,0.42,0.8,1
"1111","SLY1_YEAST",0.64,0.31,0.53,0.15,0.5,0,0.53,0.31,1
"1118","SMY1_YEAST",0.54,0.5,0.51,0.26,0.5,0,0.52,0.22,1
"1119","SMY2_YEAST",0.6,0.64,0.56,0.36,0.5,0,0.46,0.27,1
"1122","SNF1_YEAST",0.39,0.45,0.51,0.29,0.5,0,0.54,0.22,1
"1125","SNF4_YEAST",0.43,0.47,0.47,0.18,0.5,0,0.47,0.22,1
"1132","SODC_YEAST",0.55,0.57,0.51,0.07,0.5,0,0.55,0.22,1
"1137","RL35_YEAST",0.52,0.47,0.58,0.18,0.5,0,0.34,0.11,1
"1138","RL35_YEAST",0.52,0.47,0.58,0.18,0.5,0,0.34,0.11,1
"1139","SPA2_YEAST",0.5,0.45,0.51,0.19,0.5,0,0.53,0.25,1
"1168","SR14_YEAST",0.61,0.5,0.61,0.21,0.5,0,0.55,0.54,1
"1169","SR54_YEAST",0.5,0.52,0.51,0.22,0.5,0,0.46,0.37,1
"1170","SR68_YEAST",0.62,0.33,0.49,0.24,0.5,0,0.51,0.42,1
"1171","SR72_YEAST",0.56,0.52,0.46,0.17,0.5,0,0.49,0.73,1
"1172","CAP_YEAST",0.52,0.56,0.55,0.16,0.5,0,0.53,0.39,1
"1173","HS71_YEAST",0.53,0.48,0.51,0.18,0.5,0,0.52,0.27,1
"1174","HS72_YEAST",0.51,0.48,0.51,0.19,0.5,0,0.51,0.27,1
"1175","HS73_YEAST",0.51,0.48,0.51,0.26,0.5,0,0.51,0.27,1
"1176","HS74_YEAST",0.53,0.48,0.51,0.18,0.5,0,0.51,0.27,1
"1177","HS75_YEAST",0.6,0.46,0.51,0.1,0.5,0,0.48,0.31,1
"1178","HS76_YEAST",0.6,0.46,0.51,0.1,0.5,0,0.48,0.31,1
"1181","SSD1_YEAST",0.45,0.45,0.51,0.3,0.5,0,0.48,0.44,1
"1193","GBG_YEAST",0.36,0.37,0.63,0.25,0.5,0,0.3,0.22,1
"1195","ST20_YEAST",0.3,0.45,0.55,0.19,0.5,0,0.53,0.4,1
"1197","GBB_YEAST",0.44,0.4,0.53,0.19,0.5,0,0.48,0.27,1
"1205","STU1_YEAST",0.33,0.37,0.49,0.22,0.5,0,0.55,0.22,1
"1212","SUI1_YEAST",0.39,0.39,0.65,0.16,0.5,0,0.45,0.22,1
"1213","IF2A_YEAST",0.51,0.59,0.55,0.21,0.5,0,0.52,0.22,1
"1214","IF2B_YEAST",0.41,0.35,0.6,0.22,0.5,0,0.56,0.79,1
"1216","SUP1_YEAST",0.41,0.49,0.55,0.13,0.5,0,0.55,0.22,1
"1217","SUP2_YEAST",0.23,0.29,0.46,0,0.5,0,0.43,0.31,1
"1218","RS4_YEAST",0.25,0.48,0.45,0.32,0.5,0,0.4,0.22,1
"1219","RS11_YEAST",0.38,0.34,0.55,0.44,0.5,0,0.48,0.26,1
"1228","TAL1_YEAST",0.63,0.64,0.49,0.2,0.5,0,0.52,0.25,1
"1231","RL3_YEAST",0.48,0.44,0.46,0.37,0.5,0,0.46,0.36,1
"1232","TCPA_YEAST",0.5,0.49,0.46,0.22,0.5,0,0.53,0.25,1
"1233","TCPE_YEAST",0.62,0.42,0.47,0.16,0.5,0,0.52,0.22,1
"1234","TCPB_YEAST",0.5,0.45,0.52,0.18,0.5,0,0.52,0.22,1
"1235","TCPG_YEAST",0.59,0.51,0.47,0.21,0.5,0,0.47,0.22,1
"1236","TCPD_YEAST",0.39,0.47,0.49,0.2,0.5,0,0.53,0.26,1
"1237","TCPZ_YEAST",0.49,0.48,0.52,0.24,0.5,0,0.5,0.22,1
"1238","G3P1_YEAST",0.59,0.48,0.49,0.42,0.5,0,0.52,0.22,1
"1239","G3P2_YEAST",0.57,0.35,0.5,0.43,0.5,0,0.53,0.22,1
"1240","G3P3_YEAST",0.61,0.52,0.5,0.44,0.5,0,0.53,0.22,1
"1243","EF1A_YEAST",0.63,0.43,0.48,0.11,0.5,0,0.51,0.22,1
"1244","EF1A_YEAST",0.63,0.43,0.48,0.11,0.5,0,0.51,0.22,1
"1245","EF1G_YEAST",0.52,0.45,0.53,0.34,0.5,0,0.52,0.44,1
"1246","EF1H_YEAST",0.54,0.48,0.55,0.33,0.5,0,0.55,0.4,1
"1254","DKA1_YEAST",0.42,0.5,0.59,0.17,0.5,0,0.51,0.22,1
"1255","THRC_YEAST",0.54,0.55,0.55,0.4,0.5,0,0.53,0.22,1
"1256","SYTC_YEAST",0.31,0.31,0.57,0.15,0.5,0,0.5,0.22,1
"1257","IF4A_YEAST",0.38,0.42,0.5,0.19,0.5,0,0.44,0.22,1
"1258","IF1A_YEAST",0.33,0.36,0.62,0.26,0.5,0,0.55,0.22,1
"1259","IF4A_YEAST",0.38,0.42,0.5,0.19,0.5,0,0.44,0.22,1
"1260","TIF3_YEAST",0.47,0.56,0.58,0.19,0.5,0,0.44,0.64,1
"1261","IF41_YEAST",0.32,0.32,0.52,0.18,0.5,0,0.48,0.34,1
"1262","IF42_YEAST",0.28,0.27,0.5,0.14,0.5,0,0.5,0.28,1
"1263","IF5_YEAST",0.41,0.46,0.57,0.25,0.5,0,0.57,0.38,1
"1264","IF52_YEAST",0.44,0.54,0.51,0.16,0.5,0,0.58,0.22,1
"1265","IF51_YEAST",0.44,0.55,0.51,0.16,0.5,0,0.6,0.22,1
"1267","TP20_YEAST",0.4,0.56,0.53,0.15,0.5,0,0.49,0.22,1
"1270","TKT1_YEAST",0.58,0.55,0.51,0.13,0.5,0,0.52,0.22,1
"1271","TKT2_YEAST",0.55,0.69,0.51,0.12,0.5,0,0.51,0.22,1
"1279","TPIS_YEAST",0.44,0.49,0.49,0.27,0.5,0,0.52,0.22,1
"1280","KAPA_YEAST",0.25,0.26,0.53,0.17,0.5,0,0.45,0.22,1
"1281","KAPB_YEAST",0.49,0.46,0.54,0.18,0.5,0,0.35,0.22,1
"1282","KAPC_YEAST",0.42,0.37,0.54,0.17,0.5,0,0.51,0.22,1
"1283","TPM1_YEAST",0.42,0.45,0.75,0.21,0.5,0,0.48,0.22,1
"1284","TPM2_YEAST",0.39,0.45,0.75,0.17,0.5,0,0.51,0.22,1
"1285","TPS1_YEAST",0.63,0.54,0.53,0.27,0.5,0,0.49,0.22,1
"1286","TPS2_YEAST",0.54,0.43,0.48,0.27,0.5,0,0.44,0.41,1
"1287","TPS3_YEAST",0.4,0.44,0.5,0.13,0.5,0,0.52,0.39,1
"1292","TRPF_YEAST",0.62,0.6,0.54,0.22,0.5,0,0.54,0.27,1
"1293","TRPE_YEAST",0.33,0.46,0.53,0.12,0.5,0,0.5,0.27,1
"1294","TRPG_YEAST",0.57,0.36,0.51,0.25,0.5,0,0.54,0.25,1
"1295","TRPD_YEAST",0.45,0.76,0.51,0.25,0.5,0,0.59,0.22,1
"1296","TRP_YEAST",0.48,0.44,0.51,0.24,0.5,0,0.49,0.22,1
"1297","TSA_YEAST",0.59,0.64,0.44,0.26,0.5,0,0.5,0.22,1
"1298","TSL1_YEAST",0.79,0.56,0.53,0.19,0.5,0,0.47,0.35,1
"1301","GLRX_YEAST",0.52,0.5,0.6,0.2,0.5,0,0.52,0.22,1
"1302","TBA1_YEAST",0.59,0.46,0.57,0.17,0.5,0,0.52,0.22,1
"1303","TBB_YEAST",0.53,0.42,0.53,0.19,0.5,0,0.47,0.22,1
"1304","TBA3_YEAST",0.59,0.46,0.55,0.17,0.5,0,0.52,0.25,1
"1308","TYR1_YEAST",0.66,0.54,0.53,0.17,0.5,0,0.54,0.22,1
"1309","UBA1_YEAST",0.52,0.51,0.48,0.12,0.5,0,0.54,0.31,1
"1310","UBC1_YEAST",0.56,0.46,0.51,0.25,0.5,0,0.54,0.22,1
"1311","UBC4_YEAST",0.47,0.46,0.49,0.27,0.5,0,0.59,0.22,1
"1312","UBC5_YEAST",0.5,0.46,0.49,0.27,0.5,0,0.6,0.22,1
"1314","UBC7_YEAST",0.5,0.44,0.57,0.28,0.5,0,0.57,0.22,1
"1315","UBIQ_YEAST",0.46,0.47,0.62,0.3,0.5,0,0.38,0.22,1
"1316","UBP1_YEAST",0.59,0.7,0.46,0.19,0.5,0,0.54,0.44,1
"1317","UBP2_YEAST",0.19,0.41,0.55,0.13,0.5,0,0.52,0.25,1
"1318","UBP3_YEAST",0.27,0.43,0.5,0.13,0.5,0,0.54,0.31,1
"1319","UBR1_YEAST",0.42,0.46,0.44,0.17,0.5,0,0.51,0.42,1
"1325","PYRD_YEAST",0.48,0.39,0.56,0.23,0.5,0,0.6,0.22,1
"1327","UMPK_YEAST",0.47,0.59,0.56,0.09,0.5,0,0.5,0.22,1
"1328","RL21_YEAST",0.4,0.28,0.58,0.44,0.5,0,0.41,0.22,1
"1329","RSU2_YEAST",0.54,0.35,0.55,0.19,0.5,0,0.3,0.22,1
"1334","SYV_YEAST",0.51,0.49,0.48,0.55,0.5,0,0.52,0.58,1
"1346","VPS1_YEAST",0.5,0.55,0.52,0.16,0.5,0,0.51,0.31,1
"1347","VP15_YEAST",0.65,0.63,0.47,0.22,0.5,0,0.52,0.27,1
"1348","VP16_YEAST",0.41,0.48,0.51,0.2,0.5,0,0.51,0.22,1
"1349","VP17_YEAST",0.25,0.4,0.54,0.16,0.5,0,0.43,0.22,1
"1350","YP51_YEAST",0.63,0.56,0.52,0.21,0.5,0,0.5,0.22,1
"1351","SLP1_YEAST",0.56,0.68,0.42,0.36,0.5,0,0.49,0.22,1
"1353","VP45_YEAST",0.46,0.52,0.51,0.13,0.5,0,0.47,0.22,1
"1354","VRP1_YEAST",0.5,0.4,0.57,0.17,0.5,0,0.59,0.22,1
"1368","AP17_YEAST",0.53,0.52,0.49,0.27,0.5,0,0.51,0.22,1
"1369","AP19_YEAST",0.5,0.47,0.56,0.31,0.5,0,0.56,0.26,1
"1379","RL3P_YEAST",0.24,0.25,0.57,0.28,0.5,0,0.51,0.11,1
"1397","YCK2_YEAST",0.59,0.48,0.49,0.49,0.5,0,0.36,0.32,1
"1415","MAS5_YEAST",0.64,0.44,0.56,0.15,0.5,0,0.56,0.22,1
"1416","EF3_YEAST",0.48,0.58,0.47,0.17,0.5,0,0.53,0.74,1
"1447","YIF2_YEAST",0.47,0.5,0.6,0.63,0.5,0,0.38,0.16,1
"1458","TCTP_YEAST",0.47,0.38,0.58,0.19,0.5,0,0.57,0.22,1
"1460","YKM9_YEAST",0.41,0.45,0.46,0.23,0.5,0,0.5,0.7,1
"1468","RL13_YEAST",0.38,0.48,0.57,0.3,0.5,0,0.41,0.11,1
"1474","YPT1_YEAST",0.6,0.61,0.54,0.11,0.5,0,0.46,0.22,1
"1475","YP52_YEAST",0.48,0.61,0.57,0.17,0.5,0,0.45,0.22,1
"1476","YP53_YEAST",0.71,0.5,0.5,0.18,0.5,0,0.46,0.22,1
"1477","YPT7_YEAST",0.61,0.48,0.54,0.25,0.5,0,0.5,0.22,1
"1478","R29A_YEAST",0.38,0.32,0.64,0.41,0.5,0,0.44,0.11,1
"1479","R29B_YEAST",0.38,0.4,0.66,0.35,0.5,0,0.43,0.11,1
"1484","G6PD_YEAST",0.65,0.54,0.54,0.13,0.5,0,0.53,0.22,1
"4","AAR2_YEAST",0.58,0.44,0.57,0.13,0.5,0,0.54,0.22,8
"8","BAF1_YEAST",0.48,0.45,0.59,0.2,0.5,0,0.58,0.34,8
"11","ACE1_YEAST",0.43,0.39,0.54,0.21,0.5,0,0.53,0.27,8
"12","ACE2_YEAST",0.42,0.37,0.59,0.2,0.5,0,0.52,0.29,8
"18","ACT3_YEAST",0.58,0.47,0.54,0.11,0.5,0,0.51,0.26,8
"19","ACT5_YEAST",0.5,0.34,0.55,0.21,0.5,0,0.49,0.22,8
"20","ADA2_YEAST",0.61,0.6,0.55,0.21,0.5,0,0.5,0.25,8
"31","ADR1_YEAST",0.53,0.54,0.43,0.1,0.5,0,0.57,0.32,8
"34","RCS1_YEAST",0.33,0.55,0.51,0.43,0.5,0,0.51,0.22,8
"46","ANC1_YEAST",0.53,0.31,0.58,0.39,0.5,0,0.47,0.37,8
"53","APN1_YEAST",0.45,0.46,0.55,0.43,0.5,0,0.55,0.38,8
"62","ARG1_YEAST",0.37,0.32,0.47,0.18,0.5,0,0.45,0.25,8
"63","ARG2_YEAST",0.48,0.43,0.51,0.32,0.5,0,0.52,0.43,8
"64","ARG3_YEAST",0.41,0.46,0.59,0.19,0.5,0,0.58,0.27,8
"89","BAS1_YEAST",0.5,0.52,0.59,0.3,0.5,0,0.51,0.35,8
"94","BDF1_YEAST",0.33,0.43,0.64,0.16,0.5,0,0.52,0.52,8
"104","CAD1_YEAST",0.48,0.23,0.57,0.27,0.5,0,0.48,0.47,8
"112","CAT8_YEAST",0.44,0.52,0.41,0.23,0.5,0,0.51,0.22,8
"113","CBF1_YEAST",0.3,0.32,0.57,0.19,0.5,0,0.48,0.55,8
"114","CB32_YEAST",0.4,0.44,0.49,0.47,0.5,0,0.49,0.27,8
"115","CBF5_YEAST",0.45,0.51,0.5,0.16,0.5,0,0.52,1,8
"127","CCL1_YEAST",0.4,0.38,0.53,0.16,0.5,0,0.52,0.27,8
"129","CCR4_YEAST",0.53,0.51,0.55,0.05,0.5,0,0.45,0.25,8
"134","CC16_YEAST",0.62,0.51,0.52,0.42,0.5,0,0.54,0.27,8
"135","CC23_YEAST",0.35,0.58,0.54,0.16,0.5,0,0.51,0.22,8
"138","CC27_YEAST",0.48,0.54,0.5,0.17,0.5,0,0.53,0.22,8
"140","CC31_YEAST",0.47,0.32,0.64,0.3,0.5,0,0.63,0.22,8
"142","UBC3_YEAST",0.58,0.48,0.51,0.47,0.5,0,0.55,0.22,8
"143","NOT2_YEAST",0.64,0.6,0.57,0.19,0.5,0,0.43,0.22,8
"144","NOT1_YEAST",0.37,0.46,0.4,0.27,0.5,0,0.45,0.22,8
"146","CC40_YEAST",0.28,0.37,0.61,0.09,0.5,0,0.52,0.55,8
"149","RFC1_YEAST",0.26,0.36,0.47,0.34,0.5,0,0.53,0.72,8
"150","CC46_YEAST",0.51,0.34,0.5,0.19,0.5,0,0.5,0.22,8
"151","YB52_YEAST",0.58,0.5,0.5,0.12,0.5,0,0.48,0.25,8
"153","CC6_YEAST",0.41,0.39,0.44,0.34,0.5,0,0.48,0.4,8
"155","CC68_YEAST",0.36,0.68,0.46,0.16,0.5,0,0.53,0.28,8
"156","CC7_YEAST",0.42,0.31,0.5,0.15,0.5,0,0.53,0.22,8
"158","DNLI_YEAST",0.67,0.71,0.52,0.65,0.5,0,0.53,0.36,8
"159","MCE1_YEAST",0.49,0.47,0.53,0.16,0.5,0,0.48,0.27,8
"164","CHL1_YEAST",0.42,0.51,0.5,0.12,0.5,0,0.52,0.46,8
"165","CHL4_YEAST",0.57,0.51,0.53,0.18,0.5,0,0.56,0.25,8
"171","CIK1_YEAST",0.31,0.44,0.53,0.23,0.5,0,0.51,0.32,8
"177","KC21_YEAST",0.31,0.31,0.56,0.33,0.5,0,0.52,0.33,8
"178","KC22_YEAST",0.49,0.31,0.49,0.35,0.5,0,0.51,0.29,8
"179","KC2C_YEAST",0.38,0.37,0.56,0.21,0.5,0,0.49,0.22,8
"223","CRM1_YEAST",0.56,0.52,0.48,0.17,0.5,0,0.46,0.22,8
"226","CSE1_YEAST",0.58,0.56,0.45,0.12,0.5,0,0.51,0.22,8
"227","CSE2_YEAST",0.53,0.38,0.66,0.25,0.5,0,0.43,0.22,8
"228","YKE9_YEAST",0.34,0.36,0.54,0.11,0.5,0,0.36,0.21,8
"231","CB33_YEAST",0.41,0.45,0.53,0.17,0.5,0,0.51,0.25,8
"232","CTK1_YEAST",0.31,0.46,0.54,0.52,0.5,0,0.5,0.34,8
"252","DA80_YEAST",0.59,0.58,0.56,0.21,0.5,0,0.54,0.33,8
"253","DA81_YEAST",0.39,0.28,0.46,0.12,0.5,0,0.41,0.22,8
"254","DA82_YEAST",0.56,0.43,0.54,0.16,0.5,0,0.5,0.22,8
"256","DATI_YEAST",0.27,0.36,0.6,0.33,0.5,0,0.37,0.31,8
"257","DBF4_YEAST",0.35,0.4,0.59,0.22,0.5,0,0.47,0.37,8
"258","DBP1_YEAST",0.42,0.32,0.5,0.21,0.5,0,0.51,0.22,8
"259","DBP2_YEAST",0.23,0.2,0.53,0.2,0.5,0,0.44,0.22,8
"260","DBR1_YEAST",0.55,0.54,0.56,0.22,0.5,0,0.5,0.37,8
"261","DED1_YEAST",0.36,0.24,0.49,0.16,0.5,0,0.51,0.22,8
"264","DYHC_YEAST",0.6,0.56,0.47,0.2,0.5,0,0.5,0.38,8
"265","DHH1_YEAST",0.41,0.24,0.54,0.26,0.5,0,0.41,0.22,8
"267","DMC1_YEAST",0.43,0.39,0.54,0.14,0.5,0,0.47,0.22,8
"268","DPB2_YEAST",0.5,0.51,0.52,0.09,0.5,0,0.48,0.25,8
"269","DPB3_YEAST",0.53,0.61,0.52,0.21,0.5,0,0.55,0.3,8
"272","DRS1_YEAST",0.46,0.43,0.49,0.79,0.5,0,0.49,0.63,8
"275","TFS2_YEAST",0.61,0.3,0.59,0.12,0.5,0,0.49,0.27,8
"276","DUN1_YEAST",0.37,0.53,0.46,0.23,0.5,0,0.47,0.22,8
"280","EGD1_YEAST",0.35,0.39,0.57,0.11,0.5,0,0.48,0.22,8
"303","ESP1_YEAST",0.55,0.46,0.46,0.31,0.5,0,0.58,0.48,8
"304","EST1_YEAST",0.35,0.6,0.47,0.13,0.5,0,0.52,0.43,8
"318","FHL1_YEAST",0.33,0.44,0.49,0.08,0.5,0,0.48,0.49,8
"324","FKB3_YEAST",0.54,0.57,0.52,0.19,0.5,0,0.59,0.67,8
"336","FZF1_YEAST",0.37,0.43,0.62,0.27,0.5,0,0.48,0.22,8
"340","GALY_YEAST",0.56,0.59,0.53,0.16,0.5,0,0.24,0.42,8
"342","GAL4_YEAST",0.44,0.44,0.49,0.15,0.5,0,0.46,0.27,8
"344","GAL8_YEAST",0.6,0.6,0.49,0.3,0.5,0,0.53,0.22,8
"346","GAR1_YEAST",0.35,0.68,0.57,0.4,0.5,0,0.53,0.36,8
"348","GBP2_YEAST",0.23,0.3,0.58,0.22,0.5,0,0.48,0.27,8
"357","GCN4_YEAST",0.56,0.54,0.59,0.14,0.5,0,0.52,0.27,8
"358","GCN5_YEAST",0.31,0.31,0.54,0.18,0.5,0,0.52,0.29,8
"359","GCR1_YEAST",0.27,0.51,0.47,0.35,0.5,0,0.49,0.28,8
"360","GCR2_YEAST",0.54,0.56,0.57,0.18,0.5,0,0.45,0.25,8
"361","GCR3_YEAST",0.17,0.38,0.45,0.09,0.5,0,0.54,0.27,8
"362","GCS1_YEAST",0.43,0.51,0.54,0.15,0.5,0,0.45,0.26,8
"374","GLN3_YEAST",0.43,0.54,0.58,0.16,0.5,0,0.5,0.36,8
"376","GLO3_YEAST",0.34,0.66,0.51,0.16,0.5,0,0.47,0.33,8
"384","PHO2_YEAST",0.4,0.34,0.52,0.17,0.5,0,0.47,0.51,8
"386","GSP1_YEAST",0.58,0.48,0.56,0.1,0.5,0,0.46,0.25,8
"387","GSP2_YEAST",0.58,0.48,0.56,0.12,0.5,0,0.46,0.25,8
"390","GTS1_YEAST",0.41,0.6,0.53,0.29,0.5,0,0.47,0.43,8
"393","CYP1_YEAST",0.6,0.48,0.44,0.52,0.5,0,0.54,0.63,8
"394","HAP2_YEAST",0.47,0.49,0.63,0.17,0.5,0,0.31,0.26,8
"395","HAP3_YEAST",0.28,0.51,0.55,0.11,0.5,0,0.46,0.22,8
"396","HAP4_YEAST",0.56,0.57,0.63,0.39,1,0,0.59,0.4,8
"398","HCM1_YEAST",0.46,0.57,0.57,0.15,0.5,0,0.52,0.26,8
"399","HDF1_YEAST",0.43,0.42,0.54,0.22,0.5,0,0.57,0.33,8
"406","HEX2_YEAST",0.44,0.42,0.62,0.14,0.5,0,0.55,0.37,8
"407","H4_YEAST",0.37,0.34,0.58,0.24,0.5,0,0.44,0.18,8
"408","H4_YEAST",0.37,0.34,0.58,0.24,0.5,0,0.44,0.18,8
"409","H3_YEAST",0.39,0.39,0.55,0.52,0.5,0,0.37,0.16,8
"410","H3_YEAST",0.39,0.39,0.55,0.52,0.5,0,0.37,0.16,8
"412","HIR1_YEAST",0.48,0.57,0.5,0.09,0.5,0,0.52,0.42,8
"413","HIR2_YEAST",0.61,0.57,0.45,0.21,0.5,0,0.5,0.42,8
"417","MAT1_YEAST",0.37,0.22,0.64,0.35,0.5,0,0.47,0.22,8
"418","MAT2_YEAST",0.51,0.48,0.58,0.22,0.5,0,0.5,0.28,8
"419","MTA1_YEAST",0.49,0.37,0.59,0.17,0.5,0,0.51,0.22,8
"420","MAT2_YEAST",0.51,0.48,0.58,0.22,0.5,0,0.5,0.28,8
"421","HO_YEAST",0.53,0.53,0.53,0.17,0.5,0,0.49,0.37,8
"422","HOP1_YEAST",0.29,0.68,0.47,0.26,0.5,0,0.47,0.37,8
"423","HPR1_YEAST",0.5,0.45,0.49,0.15,0.5,0,0.55,0.43,8
"426","HR25_YEAST",0.43,0.39,0.51,0.28,0.5,0,0.4,0.22,8
"428","HSF_YEAST",0.34,0.35,0.61,0.19,0.5,0,0.52,0.25,8
"436","H2A1_YEAST",0.44,0.53,0.52,0.37,0.5,0,0.5,0.22,8
"437","H2A2_YEAST",0.44,0.53,0.52,0.37,0.5,0,0.5,0.22,8
"438","H2B1_YEAST",0.32,0.34,0.61,0.17,0.5,0,0.52,0.32,8
"439","H2B2_YEAST",0.34,0.34,0.61,0.18,0.5,0,0.52,0.32,8
"461","IME1_YEAST",0.54,0.45,0.62,0.13,0.5,0,0.52,0.26,8
"466","INO2_YEAST",0.56,0.45,0.59,0.14,0.5,0,0.51,0.26,8
"467","INO4_YEAST",0.45,0.38,0.59,0.18,0.5,0,0.44,0.45,8
"476","IXR1_YEAST",0.42,0.32,0.61,0.13,0.5,0,0.14,0.27,8
"479","YJ16_YEAST",0.5,0.45,0.49,0.3,0.5,0,0.47,0.4,8
"488","KAR1_YEAST",0.23,0.34,0.41,0.28,0.5,0,0.5,0.27,8
"490","KAR3_YEAST",0.34,0.31,0.6,0.37,0.5,0,0.5,0.3,8
"491","KEM1_YEAST",0.59,0.53,0.47,0.26,0.5,0,0.53,0.31,8
"500","KI28_YEAST",0.57,0.49,0.48,0.16,0.5,0,0.51,0.22,8
"503","SMI1_YEAST",0.43,0.32,0.56,0.27,0.5,0,0.47,0.27,8
"511","KSS1_YEAST",0.52,0.48,0.54,0.28,0.5,0,0.54,0.22,8
"520","LAS1_YEAST",0.43,0.38,0.51,0.24,0.5,0,0.46,0.33,8
"526","LEUR_YEAST",0.44,0.41,0.44,0.13,0.5,0,0.49,0.42,8
"530","LOS1_YEAST",0.53,0.44,0.47,0.22,0.5,0,0.53,0.22,8
"534","LY14_YEAST",0.44,0.53,0.43,0.17,0.5,0,0.54,0.75,8
"536","MAC1_YEAST",0.52,0.49,0.57,0.57,0.5,0,0.51,0.22,8
"537","MAD1_YEAST",0.62,0.64,0.56,0.2,0.5,0,0.48,0.33,8
"538","MAG_YEAST",0.46,0.32,0.58,0.17,0.5,0,0.61,0.25,8
"540","MK16_YEAST",0.49,0.62,0.65,0.18,0.5,0,0.46,0.43,8
"544","MA3R_YEAST",0.33,0.37,0.54,0.28,0.5,0,0.53,0.27,8
"546","MA6R_YEAST",0.33,0.38,0.53,0.26,0.5,0,0.52,0.27,8
"553","MBP1_YEAST",0.5,0.49,0.52,0.2,0.5,0,0.43,0.52,8
"554","MCM1_YEAST",0.18,0.48,0.46,0.12,0.5,0,0,0.25,8
"555","MCM2_YEAST",0.26,0.38,0.52,0.36,0.5,0,0.48,0.56,8
"556","MCM3_YEAST",0.53,0.51,0.51,0.11,0.5,0,0.49,0.41,8
"565","MDS1_YEAST",0.46,0.57,0.52,0.28,0.5,0,0.52,0.22,8
"568","MEIX_YEAST",0.7,0.53,0.42,0.22,0.5,0,0.51,0.28,8
"571","MER1_YEAST",0.55,0.49,0.45,0.18,0.5,0,0.49,0.22,8
"572","MER2_YEAST",0.4,0.53,0.61,0.21,0.5,0,0.48,0.33,8
"576","MT28_YEAST",0.43,0.83,0.55,0.2,0.5,0,0.47,0.4,8
"577","MET4_YEAST",0.55,0.65,0.5,0.28,0.5,0,0.55,0.22,8
"585","MGMT_YEAST",0.54,0.52,0.54,0.2,0.5,0,0.55,0.25,8
"586","MIF2_YEAST",0.37,0.31,0.53,0.16,0.5,0,0.53,0.44,8
"587","MIG1_YEAST",0.43,0.39,0.59,0.13,0.5,0,0.41,0.43,8
"591","MLH1_YEAST",0.66,0.54,0.49,0.16,0.5,0,0.54,0.36,8
"598","MOT1_YEAST",0.58,0.46,0.46,0.34,0.5,0,0.5,0.43,8
"601","MR11_YEAST",0.39,0.3,0.56,0.12,0.5,0,0.53,0.38,8
"639","MSH2_YEAST",0.32,0.45,0.44,0.2,0.5,0,0.55,0.33,8
"640","MSH3_YEAST",0.51,0.6,0.51,0.26,0.5,0,0.54,0.22,8
"641","MSH4_YEAST",0.49,0.46,0.42,0.46,0.5,0,0.55,0.22,8
"644","MSN1_YEAST",0.52,0.38,0.62,0.12,0.5,0,0.41,0.28,8
"645","MSN2_YEAST",0.53,0.4,0.57,0.12,0.5,0,0.53,0.32,8
"646","MSN4_YEAST",0.51,0.56,0.62,0.24,0.5,0,0.52,0.51,8
"657","RU1A_YEAST",0.47,0.46,0.55,0.28,0.5,0,0.44,0.46,8
"658","YKH4_YEAST",0.39,0.35,0.49,0.17,0.5,0,0.49,0.22,8
"663","YN46_YEAST",0.58,0.56,0.52,0.25,0.5,0,0.57,0.35,8
"668","NAB2_YEAST",0.56,0.63,0.52,0.2,0.5,0,0.34,0.26,8
"669","NAB3_YEAST",0.42,0.28,0.57,0.18,0.5,0,0.42,0.22,8
"674","NAP1_YEAST",0.36,0.39,0.55,0.26,0.5,0,0.49,0.22,8
"678","NDC1_YEAST",0.47,0.59,0.37,0.31,0.5,0,0.51,0.36,8
"679","CB31_YEAST",0.48,0.62,0.52,0.3,0.5,0,0.51,0.37,8
"681","NFS1_YEAST",0.48,0.54,0.53,0.6,0.5,0,0.53,0.31,8
"682","ADA3_YEAST",0.33,0.46,0.53,0.29,0.5,0,0.5,0.55,8
"683","NHP2_YEAST",0.36,0.44,0.51,0.17,0.5,0,0.6,0.19,8
"684","NHPA_YEAST",0.39,0.34,0.68,0.3,0.5,0,0.5,0.29,8
"685","NHPB_YEAST",0.11,0.41,0.67,0.13,0.5,0,0.45,0.29,8
"686","NI96_YEAST",0.4,0.53,0.44,0.18,0.5,0,0.54,0.31,8
"689","NMD2_YEAST",0.36,0.3,0.5,0.19,0.5,0,0.55,0.3,8
"691","FBRL_YEAST",0.35,0.44,0.54,0.26,0.5,0,0.52,0.26,8
"692","NOP2_YEAST",0.43,0.28,0.53,0.34,0.5,0,0.55,0.57,8
"693","NOP4_YEAST",0.33,0.48,0.55,0.16,0.5,0,0.53,0.75,8
"694","NOT3_YEAST",0.45,0.21,0.49,0.24,0.5,0,0.46,0.31,8
"695","NOP3_YEAST",0.44,0.34,0.61,0.13,0.5,0,0.49,0.26,8
"696","NSP1_YEAST",0.87,0.47,0.6,0.47,0.5,0,0.59,0.22,8
"697","NSR1_YEAST",0.3,0.55,0.58,0.16,0.5,0,0.61,0.28,8
"700","RNC1_YEAST",0.47,0.47,0.5,0.15,0.5,0,0.5,0.48,8
"701","NUF1_YEAST",0.51,0.34,0.49,0.16,0.5,0,0.53,0.21,8
"702","NUF2_YEAST",0.64,0.76,0.51,0.18,0.5,0,0.46,0.22,8
"703","NUP1_YEAST",0.45,0.41,0.58,0.48,0.5,0,0.53,0.64,8
"704","N100_YEAST",0.9,0.54,0.59,0.2,0.5,0,0.48,0.22,8
"705","N116_YEAST",0.88,0.59,0.54,0.39,0.5,0,0.41,0.3,8
"706","YK62_YEAST",0.7,0.51,0.47,0.24,0.5,0,0.53,0.25,8
"707","NUP2_YEAST",0.25,0.36,0.58,0.3,0.5,0,0.58,0.31,8
"708","NU49_YEAST",0.69,0.62,0.49,0,1,0,0.47,0.22,8
"715","OPI1_YEAST",0.58,0.51,0.56,0.16,0.5,0,0.34,0.22,8
"717","ORC2_YEAST",0.39,0.42,0.49,0.1,0.5,0,0.49,0.65,8
"718","YHR8_YEAST",0.31,0.42,0.48,0.17,0.5,0,0.49,0.53,8
"724","PAP_YEAST",0.64,0.52,0.5,0.26,0.5,0,0.51,0.31,8
"741","PDR1_YEAST",0.33,0.38,0.45,0.19,0.5,0,0.54,0.37,8
"742","PDR3_YEAST",0.61,0.46,0.44,0.47,0.5,0,0.5,0.37,8
"744","PDS1_YEAST",0.37,0.42,0.6,0.13,0.5,0,0.51,0.22,8
"752","PES4_YEAST",0.67,0.46,0.58,0.3,0.5,0,0.57,0.27,8
"767","PGD1_YEAST",0.41,0.48,0.54,0.24,0.5,0,0.37,0.51,8
"772","PHD1_YEAST",0.48,0.46,0.58,0.26,0.5,0,0.44,0.22,8
"777","PHO4_YEAST",0.44,0.42,0.57,0.22,0.5,0,0.5,0.25,8
"780","PH80_YEAST",0.53,0.54,0.43,0.18,0.5,0,0.53,0.31,8
"782","PH85_YEAST",0.4,0.37,0.54,0.13,0.5,0,0.48,0.22,8
"784","PHR_YEAST",0.5,0.42,0.57,0.49,0.5,0,0.48,0.27,8
"786","PIK1_YEAST",0.45,0.4,0.43,0.22,0.5,0,0.51,0.48,8
"801","PMS1_YEAST",0.38,0.48,0.51,0.13,0.5,0,0.5,0.32,8
"804","POB1_YEAST",0.49,0.48,0.52,0.2,0.5,0,0.55,0.22,8
"805","DPOA_YEAST",0.36,0.39,0.54,0.16,0.5,0,0.5,0.28,8
"806","DPO2_YEAST",0.54,0.53,0.48,0.14,0.5,0,0.49,0.33,8
"807","DPOE_YEAST",0.37,0.48,0.5,0.26,0.5,0,0.52,0.39,8
"808","DPOD_YEAST",0.25,0.39,0.5,0.23,0.5,0,0.5,0.28,8
"809","PCNA_YEAST",0.49,0.71,0.54,0.13,0.5,0,0.58,0.22,8
"810","DPO4_YEAST",0.56,0.5,0.56,0.26,0.5,0,0.53,0.27,8
"811","P152_YEAST",0.41,0.53,0.41,0.15,0.5,0,0.54,0.25,8
"812","POP2_YEAST",0.5,0.45,0.53,0.21,0.5,0,0.28,0.22,8
"817","PPR1_YEAST",0.42,0.28,0.51,0.23,0.5,0,0.53,0.27,8
"828","PRI1_YEAST",0.33,0.35,0.56,0.19,0.5,0,0.5,0.22,8
"829","PRI2_YEAST",0.45,0.48,0.56,0.56,0.5,0,0.47,0.22,8
"832","PR16_YEAST",0.56,0.59,0.54,0.18,0.5,0,0.48,0.46,8
"833","PR18_YEAST",0.33,0.39,0.52,0.09,0.5,0,0.47,0.28,8
"834","PR19_YEAST",0.48,0.41,0.54,0.39,0.5,0,0.51,0.22,8
"835","PR02_YEAST",0.3,0.3,0.46,0.32,0.5,0,0.45,0.22,8
"836","PR21_YEAST",0.38,0.26,0.6,0.1,0.5,0,0.48,0.44,8
"837","PR22_YEAST",0.68,0.39,0.5,0.15,0.5,0,0.48,0.37,8
"838","PR28_YEAST",0.62,0.41,0.52,0.17,0.5,0,0.48,0.22,8
"839","PR38_YEAST",0.52,0.37,0.48,0.13,0.5,0,0.55,0.22,8
"840","PR39_YEAST",0.32,0.48,0.49,0.17,0.5,0,0.47,0.22,8
"841","PR04_YEAST",0.34,0.35,0.58,0.2,0.5,0,0.46,0.32,8
"842","PR05_YEAST",0.33,0.21,0.53,0.15,1,0,0.52,0.5,8
"843","PR06_YEAST",0.49,0.45,0.57,0.24,0.5,0,0.47,0.38,8
"844","PR08_YEAST",0.4,0.28,0.48,0.06,0.5,0,0.49,0.42,8
"845","PR09_YEAST",0.51,0.39,0.56,0.25,0.5,0,0.51,0.33,8
"852","SNM1_YEAST",0.37,0.44,0.51,0.56,0.5,0,0.5,0.38,8
"862","PUT3_YEAST",0.29,0.4,0.41,0.48,0.5,0,0.53,0.3,8
"873","RAD1_YEAST",0.24,0.41,0.47,0.16,0.5,0,0.51,0.38,8
"874","RA10_YEAST",0.61,0.39,0.53,0.14,0.5,0,0.43,0.26,8
"875","RA14_YEAST",0.39,0.16,0.59,0.08,0.5,0,0.51,0.27,8
"876","RA16_YEAST",0.33,0.28,0.5,0.4,0.5,0,0.46,0.61,8
"877","RA18_YEAST",0.51,0.55,0.56,0.18,0.5,0,0.5,0.38,8
"878","RAD2_YEAST",0.39,0.44,0.54,0.24,0.5,0,0.51,0.49,8
"879","RA23_YEAST",0.43,0.48,0.53,0.18,0.5,0,0.46,0.22,8
"880","RA26_YEAST",0.47,0.43,0.48,0.16,0.5,0,0.46,0.27,8
"881","RAD3_YEAST",0.52,0.5,0.51,0.2,0.5,0,0.51,0.22,8
"882","RAD4_YEAST",0.33,0.28,0.52,0.15,0.5,0,0.51,0.86,8
"883","RAD5_YEAST",0.36,0.48,0.5,0.13,0.5,0,0.49,0.6,8
"884","RA50_YEAST",0.45,0.54,0.49,0.29,0.5,0,0.49,0.25,8
"885","RA51_YEAST",0.55,0.59,0.53,0.15,0.5,0,0.49,0.22,8
"886","RA52_YEAST",0.31,0.39,0.55,0.28,0.5,0,0.46,0.31,8
"887","RA54_YEAST",0.43,0.41,0.51,0.34,0.5,0,0.49,0.28,8
"888","RA55_YEAST",0.64,0.5,0.53,0.1,0.5,0,0.51,0.22,8
"889","RA57_YEAST",0.41,0.52,0.56,0.26,0.5,0,0.48,0.32,8
"890","UBC2_YEAST",0.48,0.47,0.59,0.41,0.5,0,0.56,0.27,8
"891","RAD7_YEAST",0.49,0.49,0.51,0.29,0.5,0,0.52,0.71,8
"892","RAD9_YEAST",0.41,0.52,0.51,0.22,0.5,0,0.52,0.44,8
"893","SRS2_YEAST",0.51,0.61,0.5,0.23,0.5,0,0.52,0.61,8
"896","RAP1_YEAST",0.54,0.53,0.53,0.17,0.5,0,0.51,0.39,8
"899","RAT1_YEAST",0.53,0.46,0.54,0.37,0.5,0,0.51,0.3,8
"901","REB1_YEAST",0.58,0.31,0.6,0.12,0.5,0,0.47,0.33,8
"902","R102_YEAST",0.49,0.67,0.5,0.28,0.5,0,0.43,0.22,8
"903","R104_YEAST",0.44,0.33,0.55,0.16,0.5,0,0.49,0.22,8
"904","R114_YEAST",0.44,0.45,0.53,0.19,0.5,0,0.41,0.28,8
"905","RED1_YEAST",0.57,0.55,0.52,0.16,0.5,0,0.49,0.39,8
"907","DPOX_YEAST",0.32,0.49,0.53,0.28,0.5,0,0.5,0.5,8
"908","RFA1_YEAST",0.35,0.42,0.56,0.28,0.5,0,0.47,0.22,8
"909","RFA2_YEAST",0.46,0.41,0.58,0.1,0.5,0,0.48,0.22,8
"910","RFA3_YEAST",0.57,0.51,0.58,0.22,0.5,0,0.51,0.22,8
"911","RFC2_YEAST",0.47,0.47,0.54,0.19,0.5,0,0.51,0.33,8
"912","RFC3_YEAST",0.34,0.58,0.5,0.26,0.5,0,0.51,0.22,8
"913","RFC4_YEAST",0.55,0.45,0.58,0.25,0.5,0,0.49,0.22,8
"914","RFT1_YEAST",0.4,0.66,0.34,0.21,0.5,0,0.52,0.26,8
"915","RGM1_YEAST",0.42,0.21,0.59,0.3,0.5,0,0.47,0.27,8
"918","RIF1_YEAST",0.35,0.4,0.44,0.25,0.5,0,0.53,0.57,8
"922","RME1_YEAST",0.45,0.49,0.57,0.25,0.5,0,0.48,0.22,8
"924","RN12_YEAST",0.56,0.51,0.32,0.49,0.5,0,0.48,0.22,8
"925","RN14_YEAST",0.37,0.58,0.5,0.22,0.5,0,0.47,0.22,8
"926","RN15_YEAST",0.47,0.45,0.51,0.33,0.5,0,0.46,0.26,8
"927","ROX1_YEAST",0.5,0.36,0.64,0.37,0.5,0,0.37,0.33,8
"928","ROX3_YEAST",0.43,0.44,0.64,0.19,0.5,0,0.38,0.33,8
"939","RPA9_YEAST",0.72,0.51,0.52,0.08,0.5,0,0.54,0.22,8
"940","RPA2_YEAST",0.35,0.41,0.53,0.27,0.5,0,0.47,0.29,8
"941","RPA1_YEAST",0.56,0.49,0.54,0.15,0.5,0,0.5,0.35,8
"942","RPA3_YEAST",0.57,0.37,0.43,0.27,0.5,0,0.53,0.28,8
"943","RPBX_YEAST",0.57,0.49,0.61,0.26,0.5,0,0.52,0.22,8
"944","RPBY_YEAST",0.48,0.45,0.63,0.19,0.5,0,0.58,0.22,8
"945","RPB2_YEAST",0.34,0.48,0.47,0.19,0.5,0,0.5,0.3,8
"946","RPB3_YEAST",0.54,0.57,0.55,0.18,0.5,0,0.5,0.22,8
"947","RPB4_YEAST",0.38,0.44,0.55,0.44,0.5,0,0.47,0.51,8
"948","RPB5_YEAST",0.4,0.3,0.57,0.13,0.5,0,0.46,0.22,8
"949","RPB6_YEAST",0.27,0.31,0.55,0.13,0.5,0,0.5,0.22,8
"950","RPB7_YEAST",0.52,0.46,0.56,0.25,0.5,0,0.52,0.22,8
"951","RPB8_YEAST",0.44,0.5,0.55,0.24,0.5,0,0.48,0.22,8
"952","RPB9_YEAST",0.34,0.47,0.48,0.32,0.5,0,0.42,0.22,8
"953","RPCX_YEAST",0.5,0.56,0.63,0.25,0.5,0,0.42,0.22,8
"954","RPC2_YEAST",0.46,0.53,0.47,0.37,0.5,0,0.51,0.36,8
"955","RPC9_YEAST",0.31,0.6,0.65,0.18,0.5,0,0.46,0.22,8
"956","RPC8_YEAST",0.57,0.42,0.63,0.22,0.5,0,0.68,0.32,8
"957","RPC6_YEAST",0.37,0.45,0.53,0.14,0.5,0,0.49,0.22,8
"958","RPC5_YEAST",0.38,0.38,0.54,0.24,0.5,0,0.54,0.22,8
"959","RPC4_YEAST",0.36,0.49,0.55,0.21,0.5,0,0.55,0.33,8
"960","RPC3_YEAST",0.29,0.4,0.5,0.16,0.5,0,0.51,0.34,8
"961","RPD3_YEAST",0.37,0.3,0.51,0.15,0.5,0,0.58,0.26,8
"1003","RPB1_YEAST",0.44,0.62,0.53,0.27,0.5,0,0.49,0.22,8
"1004","RPC1_YEAST",0.56,0.61,0.52,0.19,0.5,0,0.52,0.32,8
"1029","RRN6_YEAST",0.6,0.57,0.52,0.14,0.5,0,0.46,0.48,8
"1030","RRN7_YEAST",0.42,0.38,0.52,0.29,0.5,0,0.42,0.22,8
"1031","RTG1_YEAST",0.41,0.46,0.58,0.08,0.5,0,0.51,0.28,8
"1044","S160_YEAST",0.46,0.49,0.55,0.18,0.5,0,0.56,0.22,8
"1080","SEN1_YEAST",0.47,0.37,0.46,0.28,0.5,0,0.52,0.99,8
"1081","SEN2_YEAST",0.48,0.5,0.47,0.29,0.5,0,0.46,0.27,8
"1083","SFL1_YEAST",0.49,0.49,0.52,0.18,0.5,0,0.51,0.25,8
"1084","SFP1_YEAST",0.54,0.59,0.57,0.34,0.5,0,0.49,0.22,8
"1092","NOT4_YEAST",0.47,0.44,0.53,0.18,0.5,0,0.47,0.29,8
"1093","SIN3_YEAST",0.4,0.49,0.53,0.23,0.5,0,0.44,0.26,8
"1094","SIN4_YEAST",0.45,0.65,0.51,0.17,0.5,0,0.49,0.22,8
"1095","SIP2_YEAST",0.42,0.42,0.55,0.31,0.5,0,0.43,0.22,8
"1096","SIR1_YEAST",0.45,0.41,0.53,0.49,0.5,0,0.49,0.31,8
"1097","SIR2_YEAST",0.42,0.28,0.49,0.22,0.5,0,0.55,0.34,8
"1098","SIR3_YEAST",0.47,0.5,0.47,0.22,0.5,0,0.53,0.45,8
"1099","SIR4_YEAST",0.33,0.42,0.55,0.23,0.5,0,0.52,0.43,8
"1101","SIS2_YEAST",0.37,0.47,0.49,0.12,0.5,0,0.47,0.31,8
"1102","SKI3_YEAST",0.32,0.6,0.48,0.13,0.5,0,0.53,0.22,8
"1104","SKN7_YEAST",0.46,0.56,0.56,0.25,0.5,0,0.43,0.22,8
"1105","SKO1_YEAST",0.47,0.55,0.57,0.17,0.5,0,0.52,0.66,8
"1110","SLU7_YEAST",0.19,0.16,0.68,0.36,0.5,0,0.49,0.21,8
"1113","SMC1_YEAST",0.47,0.56,0.51,0.2,0.5,0,0.52,0.59,8
"1114","SMC2_YEAST",0.4,0.75,0.44,0.12,0.5,0,0.49,0.22,8
"1115","SMD1_YEAST",0.48,0.55,0.58,0.18,0.5,0,0.38,0.69,8
"1123","SNF2_YEAST",0.33,0.47,0.55,0.24,0.5,0,0.45,0.67,8
"1126","SNF5_YEAST",0.66,0.43,0.57,0.6,0.5,0,0.19,0.33,8
"1127","SNF6_YEAST",0.55,0.4,0.62,0.22,0.5,0,0.37,0.28,8
"1128","RU17_YEAST",0.33,0.46,0.6,0.18,0.5,0,0.51,0.26,8
"1129","SNP2_YEAST",0.51,0.5,0.54,0.11,0.5,0,0.6,0.22,8
"1130","YBC6_YEAST",0.54,0.6,0.57,0.17,0.5,0,0.44,0.22,8
"1134","SOF1_YEAST",0.36,0.32,0.55,0.27,0.5,0,0.47,0.43,8
"1135","SOK1_YEAST",0.46,0.41,0.45,0.23,0.5,0,0.48,0.22,8
"1136","SON1_YEAST",0.4,0.39,0.6,0.23,0.5,0,0.52,0.31,8
"1140","SPB4_YEAST",0.57,0.55,0.51,0.18,0.5,0,0.51,0.43,8
"1141","SPK1_YEAST",0.44,0.43,0.46,0.28,0.5,0,0.45,0.29,8
"1142","SP11_YEAST",0.46,0.5,0.5,0.28,0.5,0,0.5,0.37,8
"1145","SX18_YEAST",0.38,0.58,0.46,0.21,0.5,0,0.52,0.22,8
"1147","SP10_YEAST",0.27,0.46,0.52,0.17,0.5,0,0.49,0.44,8
"1148","SP14_YEAST",0.52,0.45,0.45,0.13,0.5,0,0.48,0.22,8
"1149","TF2D_YEAST",0.37,0.29,0.45,0.15,0.5,0,0.49,0.22,8
"1150","SPT2_YEAST",0.37,0.48,0.67,0.37,0.5,0,0.56,0.62,8
"1151","SP21_YEAST",0.44,0.59,0.54,0.18,0.5,0,0.49,0.22,8
"1152","SP23_YEAST",0.48,0.65,0.36,0.24,0.5,0,0.54,0.31,8
"1153","SPT3_YEAST",0.59,0.49,0.45,0.22,0.5,0,0.45,0.31,8
"1154","SPT4_YEAST",0.73,0.52,0.59,0.25,0.5,0,0.51,0.22,8
"1155","SPT5_YEAST",0.5,0.43,0.5,0.17,0.5,0,0.46,0.47,8
"1156","SPT6_YEAST",0.23,0.13,0.51,0.16,0.5,0,0.53,0.51,8
"1157","SPT7_YEAST",0.49,0.6,0.54,0.35,0.5,0,0.53,0.46,8
"1158","SPT8_YEAST",0.52,0.31,0.56,0.16,0.5,0,0.55,0.22,8
"1159","SRB2_YEAST",0.49,0.48,0.51,0.21,0.5,0,0.53,0.22,8
"1160","SRB4_YEAST",0.49,0.6,0.42,0.18,0.5,0,0.58,0.28,8
"1161","SRB5_YEAST",0.6,0.62,0.54,0.11,0.5,0,0.51,0.22,8
"1162","SRB6_YEAST",0.55,0.47,0.53,0.2,0.5,0,0.4,0.22,8
"1163","SCA1_YEAST",0.47,0.32,0.51,0.24,0.5,0,0.54,0.27,8
"1164","SRD1_YEAST",0.53,0.25,0.59,0.27,0.5,0,0.45,0.26,8
"1165","RCC_YEAST",0.31,0.5,0.54,0.32,0.5,0,0.53,0.31,8
"1166","SRPI_YEAST",0.25,0.33,0.48,0.18,0.5,0,0.42,0.33,8
"1179","SSB1_YEAST",0.44,0.39,0.63,0.11,0.5,0,0.49,0.26,8
"1182","RA25_YEAST",0.38,0.42,0.47,0.12,0.5,0,0.47,0.53,8
"1183","SSN6_YEAST",0.19,0.66,0.6,0.14,0.5,0,0.2,0.25,8
"1190","ST12_YEAST",0.38,0.51,0.56,0.21,0.5,0,0.48,0.31,8
"1198","STE5_YEAST",0.45,0.57,0.52,0.21,0.5,0,0.54,0.38,8
"1202","STH1_YEAST",0.66,0.65,0.53,0.17,0.5,0,0.47,0.66,8
"1204","STP1_YEAST",0.48,0.54,0.56,0.29,0.5,0,0.51,0.43,8
"1207","TF2B_YEAST",0.58,0.64,0.42,0.3,0.5,0,0.54,0.22,8
"1211","SUG1_YEAST",0.58,0.37,0.58,0.16,0.5,0,0.51,0.22,8
"1221","ADR6_YEAST",0.48,0.17,0.37,0.33,0.5,0,0.44,0.36,8
"1222","SWI3_YEAST",0.47,0.47,0.5,0.19,0.5,0,0.51,0.26,8
"1223","SWI4_YEAST",0.55,0.38,0.52,0.16,0.5,0,0.49,0.64,8
"1224","SWI5_YEAST",0.41,0.39,0.61,0.17,0.5,0,0.5,0.61,8
"1225","SWI6_YEAST",0.41,0.56,0.53,0.16,0.5,0,0.55,0.26,8
"1230","TBF1_YEAST",0.44,0.65,0.49,0.16,0.5,0,0.48,0.31,8
"1241","TF3B_YEAST",0.49,0.51,0.52,0.13,0.5,0,0.51,0.33,8
"1242","TEC1_YEAST",0.45,0.4,0.56,0.15,0.5,0,0.52,0.22,8
"1247","T2EA_YEAST",0.55,0.79,0.45,0.25,0.5,0,0.51,0.22,8
"1248","YK42_YEAST",0.58,0.51,0.63,0.2,0.5,0,0.5,0.42,8
"1249","TFB1_YEAST",0.63,0.58,0.57,0.1,0.5,0,0.52,0.33,8
"1250","TFC1_YEAST",0.54,0.67,0.56,0.15,0.5,0,0.57,0.33,8
"1251","TF3A_YEAST",0.41,0.59,0.65,0.14,0.5,0,0.49,0.33,8
"1252","TFC3_YEAST",0.47,0.38,0.5,0.15,0.5,0,0.49,0.47,8
"1253","TFC4_YEAST",0.33,0.17,0.52,0.13,0.5,0,0.51,0.75,8
"1272","TYSY_YEAST",0.47,0.46,0.53,0.12,0.5,0,0.51,0.25,8
"1273","TOA1_YEAST",0.57,0.29,0.63,0.22,0.5,0,0.49,0.27,8
"1274","TOA2_YEAST",0.52,0.49,0.59,0.21,0.5,0,0.47,0.22,8
"1275","TOP1_YEAST",0.41,0.42,0.53,0.17,0.5,0,0.48,0.58,8
"1276","TOP2_YEAST",0.45,0.36,0.5,0.19,0.5,0,0.53,0.7,8
"1277","TOP3_YEAST",0.53,0.51,0.54,0.21,0.5,0,0.45,0.22,8
"1290","TRNL_YEAST",0.49,0.38,0.49,0.15,0.5,0,0.53,0.25,8
"1299","TSM1_YEAST",0.5,0.5,0.48,0.34,0.5,0,0.52,0.27,8
"1306","TUP1_YEAST",0.5,0.43,0.56,0.17,0.5,0,0.35,0.22,8
"1307","TYE7_YEAST",0.36,0.52,0.61,0.33,0.5,0,0.52,0.37,8
"1320","UGA3_YEAST",0.49,0.36,0.47,0.28,0.5,0,0.56,0.54,8
"1322","UME5_YEAST",0.34,0.42,0.48,0.19,0.5,0,0.46,0.31,8
"1323","UME6_YEAST",0.6,0.57,0.63,0.22,0.5,0,0.5,0.49,8
"1324","UNG_YEAST",0.53,0.44,0.54,0.52,0.5,0,0.49,0.38,8
"1326","PYR1_YEAST",0.56,0.49,0.47,0.13,0.5,0,0.52,0.22,8
"1331","YEU2_YEAST",0.55,0.49,0.6,0.18,0.5,0,0.51,0.22,8
"1356","XRS2_YEAST",0.64,0.56,0.52,0.17,0.5,0,0.54,0.47,8
"1360","YAB9_YEAST",0.4,0.45,0.45,0.15,0.5,0,0.53,0.48,8
"1363","YAF1_YEAST",0.45,0.51,0.43,0.22,0.5,0,0.57,0.22,8
"1367","PDR4_YEAST",0.57,0.53,0.6,0.28,0.5,0,0.52,0.45,8
"1375","YBC4_YEAST",0.32,0.3,0.57,0.38,0.5,0,0.5,0.25,8
"1377","YBG6_YEAST",0.28,0.41,0.46,0.18,0.5,0,0.47,0.39,8
"1383","YB00_YEAST",0.25,0.41,0.47,0.14,0.5,0,0.56,0.68,8
"1385","YB32_YEAST",0.4,0.44,0.47,0.25,0.5,0,0.54,0.56,8
"1388","YB48_YEAST",0.29,0.39,0.46,0.36,0.5,0,0.51,0.22,8
"1410","YCW2_YEAST",0.54,0.54,0.56,0.18,0.5,0,0.46,0.29,8
"1413","YCZ6_YEAST",0.58,0.44,0.45,0.32,0.5,0,0.52,0.37,8
"1419","YE14_YEAST",0.4,0.4,0.44,0.37,0.5,0,0.53,0.25,8
"1423","YHA9_YEAST",0.47,0.4,0.63,0.19,0.5,0,0.52,0.32,8
"1426","RIMI_YEAST",0.33,0.38,0.47,0.14,0.5,0,0.51,0.47,8
"1436","YHP0_YEAST",0.38,0.44,0.57,0.14,0.5,0,0.53,0.52,8
"1442","YHX8_YEAST",0.4,0.43,0.49,0.17,0.5,0,0.51,0.36,8
"1448","YIG3_YEAST",0.34,0.24,0.51,0.15,0.5,0,0.54,0.4,8
"1449","YIN0_YEAST",0.35,0.29,0.46,0.14,0.5,0,0.54,0.66,8
"1452","YKJ5_YEAST",0.36,0.48,0.61,0.26,0.5,0,0.5,0.16,8
"1453","YKA5_YEAST",0.41,0.25,0.59,0.44,0.5,0,0.6,0.69,8
"1455","MAOX_YEAST",0.57,0.59,0.49,0.86,0.5,0,0.47,0.22,8
"1456","YKD8_YEAST",0.38,0.4,0.39,0.19,0.5,0,0.46,0.62,8
"1464","YKW2_YEAST",0.41,0.47,0.5,0.14,0.5,0,0.53,0.37,8
"1465","YKY8_YEAST",0.25,0.4,0.52,0.15,0.5,0,0.56,0.28,8
"1466","YK44_YEAST",0.58,0.56,0.38,0.39,0.5,0,0.54,0.57,8
"1473","YOX1_YEAST",0.59,0.67,0.54,0.19,0.5,0,0.48,0.6,8
"1481","ZIP1_YEAST",0.47,0.43,0.61,0.4,0.5,0,0.48,0.47,8
"1483","ZUO1_YEAST",0.43,0.4,0.6,0.16,0.5,0,0.53,0.39,8
"44","ALG8_YEAST",0.41,0.54,0.39,0.2,0.5,0,0.51,0.22,6
"50","ALP1_YEAST",0.42,0.24,0.34,0.16,0.5,0,0.5,0.22,6
"52","YHB9_YEAST",0.41,0.53,0.45,0.14,0.5,0,0.52,0.66,6
"86","ATR1_YEAST",0.28,0.58,0.21,0.13,0.5,0,0.51,0.22,6
"87","YBR8_YEAST",0.39,0.44,0.35,0.16,0.5,0,0.55,0.22,6
"96","BET1_YEAST",0.38,0.5,0.37,0.26,0.5,0,0.43,0.22,6
"101","BOS1_YEAST",0.36,0.58,0.35,0.24,0.5,0,0.44,0.22,6
"102","BSD2_YEAST",0.36,0.43,0.39,0.12,0.5,0,0.49,0.22,6
"106","CAN1_YEAST",0.44,0.59,0.36,0.16,0.5,0,0.52,0.22,6
"125","ATU1_YEAST",0.54,0.55,0.34,0.31,0.5,0,0.54,0.22,6
"137","CC25_YEAST",0.39,0.58,0.5,0.26,0.5,0,0.54,0.59,6
"166","PSS_YEAST",0.35,0.45,0.43,0.11,0.5,0,0.56,0.22,6
"167","PEM1_YEAST",0.42,0.42,0.42,0.2,0.5,0,0.49,0.22,6
"168","CHS1_YEAST",0.26,0.5,0.33,0.28,0.5,0,0.51,0.22,6
"169","CHS2_YEAST",0.39,0.42,0.38,0.4,0.5,0,0.49,0.47,6
"170","CHS3_YEAST",0.26,0.44,0.3,0.11,0.5,0,0.51,0.47,6
"222","CPT1_YEAST",0.47,0.54,0.37,0.14,0.5,0,0.5,0.22,6
"233","CTR1_YEAST",0.36,0.37,0.33,0.14,0.5,0,0.57,0.31,6
"249","DAL4_YEAST",0.55,0.42,0.34,0.3,0.5,0,0.52,0.22,6
"250","DAL5_YEAST",0.34,0.42,0.3,0.23,0.5,0,0.53,0.22,6
"273","ATC4_YEAST",0.51,0.55,0.35,0.16,0.5,0,0.51,0.47,6
"281","ATN2_YEAST",0.36,0.49,0.3,0.22,0.5,0,0.52,0.31,6
"286","EPT1_YEAST",0.29,0.43,0.4,0.15,0.5,0,0.53,0.22,6
"287","ERD1_YEAST",0.52,0.75,0.37,0.14,0.5,0,0.46,0.22,6
"289","ERG1_YEAST",0.58,0.6,0.43,0.12,0.5,0,0.55,0.22,6
"295","ER24_YEAST",0.63,0.61,0.41,0.22,0.5,0,0.51,0.22,6
"296","ERG3_YEAST",0.58,0.53,0.38,0.18,0.5,0,0.52,0.22,6
"297","ERG4_YEAST",0.36,0.46,0.43,0.19,0.5,0,0.48,0.22,6
"301","FDFT_YEAST",0.53,0.68,0.42,0.19,0.5,0,0.53,0.22,6
"315","FCY2_YEAST",0.46,0.35,0.33,0.17,0.5,0,0.55,0.22,6
"316","FET3_YEAST",0.54,0.55,0.42,0.22,0.5,0,0.48,0.22,6
"317","FET4_YEAST",0.39,0.44,0.28,0.12,0.5,0,0.46,0.27,6
"325","FPS1_YEAST",0.42,0.52,0.4,0.17,0.5,0,0.5,0.26,6
"331","FU34_YEAST",0.37,0.34,0.32,0.22,0.5,0,0.56,0.22,6
"333","FUR4_YEAST",0.35,0.56,0.36,0.3,0.5,0,0.53,0.25,6
"341","GAL2_YEAST",0.44,0.51,0.37,0.15,0.5,0,0.51,0.22,6
"345","GAP1_YEAST",0.49,0.46,0.34,0.21,0.5,0,0.55,0.22,6
"368","GEF1_YEAST",0.49,0.31,0.34,0.13,0.5,0,0.52,0.22,6
"377","GLS1_YEAST",0.2,0.34,0.33,0.1,0.5,0,0.48,0.31,6
"411","HIP1_YEAST",0.48,0.46,0.38,0.29,0.5,0,0.53,0.22,6
"415","HMD1_YEAST",0.51,0.63,0.3,0.35,0.5,0,0.53,0.27,6
"416","HMD2_YEAST",0.53,0.68,0.34,0.42,0.5,0,0.54,0.27,6
"424","HXTY_YEAST",0.33,0.28,0.31,0.24,0.5,0,0.53,0.22,6
"432","HS30_YEAST",0.37,0.62,0.34,0.25,0.5,0,0.51,0.22,6
"443","HXT1_YEAST",0.3,0.5,0.34,0.26,0.5,0,0.51,0.22,6
"444","HXT2_YEAST",0.49,0.4,0.34,0.26,0.5,0,0.5,0.22,6
"445","HXT3_YEAST",0.34,0.4,0.3,0.23,0.5,0,0.51,0.22,6
"446","HXT4_YEAST",0.43,0.44,0.3,0.18,0.5,0,0.51,0.22,6
"447","HXT5_YEAST",0.43,0.45,0.37,0.12,0.5,0,0.48,0.22,6
"448","HXT6_YEAST",0.45,0.57,0.3,0.17,0.5,0,0.51,0.22,6
"449","HXT7_YEAST",0.45,0.57,0.3,0.17,0.5,0,0.51,0.22,6
"450","HXT8_YEAST",0.42,0.44,0.33,0.17,0.5,0,0.54,0.27,6
"469","IRA1_YEAST",0.47,0.59,0.43,0.13,0.5,0,0.56,0.3,6
"470","IRA2_YEAST",0.4,0.45,0.42,0.17,0.5,0,0.54,0.26,6
"474","ITR1_YEAST",0.49,0.41,0.32,0.21,0.5,0,0.5,0.32,6
"475","ITR2_YEAST",0.35,0.53,0.35,0.33,0.5,0,0.5,0.32,6
"477","YJ12_YEAST",0.5,0.46,0.42,0.32,0.5,0,0.56,0.55,6
"481","YJ36_YEAST",0.32,0.36,0.34,0.19,0.5,0,0.55,0.26,6
"482","YJ43_YEAST",0.4,0.51,0.42,0.13,0.5,0,0.45,0.25,6
"485","YJ90_YEAST",0.65,0.61,0.39,0.3,0.5,0,0.57,0.28,6
"486","YJ91_YEAST",0.47,0.43,0.35,0.32,0.5,0,0.54,0.22,6
"498","KIN1_YEAST",0.48,0.43,0.45,0.17,0.5,0,0.48,0.37,6
"499","KIN2_YEAST",0.36,0.35,0.47,0.22,0.5,0,0.44,0.31,6
"508","KRE6_YEAST",0.37,0.55,0.29,0.32,0.5,0,0.51,0.22,6
"517","LAG1_YEAST",0.42,0.51,0.39,0.22,0.5,0,0.49,0.26,6
"528","LGT3_YEAST",0.46,0.4,0.38,0.18,0.5,0,0.49,0.22,6
"532","LYP1_YEAST",0.46,0.14,0.36,0.21,0.5,0,0.5,0.25,6
"542","MA3T_YEAST",0.39,0.37,0.33,0.23,0.5,0,0.53,0.26,6
"545","MA6T_YEAST",0.39,0.37,0.33,0.23,0.5,0,0.52,0.26,6
"561","MDL1_YEAST",0.51,0.47,0.41,0.44,0.5,0,0.5,0.22,6
"570","MEP1_YEAST",0.47,0.6,0.35,0.21,0.5,0,0.52,0.22,6
"666","YNE2_YEAST",0.44,0.41,0.29,0.21,0.5,0,0.49,0.22,6
"716","PEM2_YEAST",0.48,0.49,0.45,0.23,0.5,0,0.51,0.22,6
"731","ATC2_YEAST",0.53,0.51,0.36,0.13,0.5,0,0.52,0.22,6
"743","PDR5_YEAST",0.41,0.48,0.38,0.13,0.5,0,0.51,0.35,6
"779","PPB_YEAST",0.39,0.81,0.35,0.28,0.5,0,0.51,0.45,6
"781","PH84_YEAST",0.38,0.45,0.37,0.19,0.5,0,0.52,0.3,6
"783","YCS7_YEAST",0.31,0.3,0.34,0.19,0.5,0,0.55,0.3,6
"791","PIS_YEAST",0.47,0.61,0.5,0.23,0.5,0,0.49,0.22,6
"793","ATH1_YEAST",0.49,0.6,0.3,0.34,0.5,0,0.5,0.43,6
"794","ATH2_YEAST",0.27,0.56,0.3,0.14,0.5,0,0.52,0.39,6
"799","ATC1_YEAST",0.44,0.43,0.34,0.21,0.5,0,0.55,0.4,6
"800","ATN1_YEAST",0.39,0.49,0.3,0.19,0.5,0,0.52,0.31,6
"802","PMT1_YEAST",0.37,0.51,0.39,0.18,0.5,0,0.51,0.27,6
"803","PMT2_YEAST",0.27,0.49,0.36,0.26,0.5,0,0.49,0.26,6
"814","PPA1_YEAST",0.66,0.55,0.34,0.2,0.5,0,0.62,0.22,6
"856","PTR2_YEAST",0.36,0.33,0.38,0.15,0.5,0,0.55,0.36,6
"863","PUT4_YEAST",0.58,0.53,0.33,0.26,0.5,0,0.51,0.22,6
"906","RER1_YEAST",0.45,0.66,0.39,0.11,0.5,0,0.54,0.22,6
"1034","RSD1_YEAST",0.57,0.5,0.4,0.08,0.5,0,0.47,0.22,6
"1042","TAT2_YEAST",0.39,0.46,0.33,0.18,0.5,0,0.53,0.22,6
"1065","SC59_YEAST",0.51,0.51,0.32,0.27,0.5,0,0.54,0.22,6
"1067","S61A_YEAST",0.55,0.72,0.35,0.26,0.5,0,0.49,0.22,6
"1068","SC62_YEAST",0.54,0.44,0.35,0.19,0.5,0,0.51,0.27,6
"1069","NPL1_YEAST",0.65,0.66,0.37,0.12,0.5,0,0.52,0.27,6
"1078","SED4_YEAST",0.52,0.55,0.39,0.09,1,0,0.55,0.25,6
"1079","SED5_YEAST",0.42,0.28,0.33,0.23,0.5,0,0.39,0.26,6
"1103","SKN1_YEAST",0.38,0.42,0.31,0.35,0.5,0,0.52,0.22,6
"1107","SLA2_YEAST",0.46,0.48,0.38,0.22,0.5,0,0.39,0.45,6
"1109","SLN1_YEAST",0.52,0.65,0.36,0.37,0.5,0,0.52,0.34,6
"1112","SLY4_YEAST",0.4,0.43,0.36,0.33,0.5,0,0.51,0.22,6
"1120","SNC1_YEAST",0.27,0.41,0.24,0.2,0.5,0,0.49,0.22,6
"1121","SNC2_YEAST",0.25,0.35,0.22,0.18,0.5,0,0.46,0.22,6
"1124","SNF3_YEAST",0.37,0.4,0.38,0.18,0.5,0,0.51,0.22,6
"1131","SNQ2_YEAST",0.45,0.57,0.38,0.28,0.5,0,0.53,0.31,6
"1167","SRPR_YEAST",0.55,0.46,0.47,0.15,0.5,0,0.47,0.22,6
"1184","SSO1_YEAST",0.41,0.42,0.23,0.16,0.5,0,0.4,0.22,6
"1185","SSO2_YEAST",0.25,0.42,0.21,0.14,0.5,0,0.41,0.22,6
"1187","S61G_YEAST",0.49,0.31,0.43,0.24,0.5,0,0.54,0.22,6
"1188","SST2_YEAST",0.46,0.41,0.43,0.18,0.5,0,0.54,0.22,6
"1191","DAP1_YEAST",0.32,0.36,0.28,0.38,0.5,0,0.5,0.4,6
"1192","ST14_YEAST",0.4,0.65,0.38,0.17,0.5,0,0.57,0.22,6
"1194","STE2_YEAST",0.49,0.55,0.41,0.19,0.5,0,0.48,0.31,6
"1199","STE6_YEAST",0.46,0.61,0.38,0.35,0.5,0,0.49,0.22,6
"1203","STL1_YEAST",0.36,0.5,0.39,0.23,0.5,0,0.5,0.22,6
"1215","SUL1_YEAST",0.43,0.28,0.41,0.32,0.5,0,0.52,0.22,6
"1227","SYG1_YEAST",0.31,0.51,0.38,0.18,0.5,0,0.46,0.31,6
"1229","VAL1_YEAST",0.31,0.4,0.31,0.17,0.5,0,0.52,0.22,6
"1288","TRK1_YEAST",0.55,0.39,0.39,0.47,0.5,0,0.5,0.83,6
"1289","TRK2_YEAST",0.59,0.48,0.41,0.53,0.5,0,0.48,0.56,6
"1313","UBC6_YEAST",0.43,0.48,0.36,0.26,0.5,0,0.52,0.22,6
"1321","UGA4_YEAST",0.42,0.51,0.33,0.16,0.5,0,0.54,0.22,6
"1330","USO1_YEAST",0.5,0.47,0.45,0.14,0.5,0,0.53,0.32,6
"1361","YAC2_YEAST",0.49,0.53,0.36,0.15,0.5,0,0.52,0.27,6
"1362","YAE2_YEAST",0.39,0.63,0.41,0.27,0.5,0,0.49,0.22,6
"1366","YAG7_YEAST",0.49,0.49,0.4,0.2,0.5,0,0.48,0.26,6
"1371","AP54_YEAST",0.33,0.49,0.46,0.22,0.5,0,0.53,0.33,6
"1372","ADB1_YEAST",0.47,0.41,0.46,0.18,0.5,0,0.53,0.22,6
"1376","YBE2_YEAST",0.26,0.3,0.37,0.15,0.5,0,0.53,0.25,6
"1378","YBI8_YEAST",0.45,0.5,0.43,0.16,0.5,0,0.52,0.28,6
"1381","YBT6_YEAST",0.54,0.44,0.38,0.22,0.5,0,0.54,0.3,6
"1382","YBY2_YEAST",0.22,0.53,0.36,0.22,0.5,0,0.54,0.31,6
"1384","YB30_YEAST",0.43,0.41,0.37,0.18,0.5,0,0.54,0.31,6
"1386","YB33_YEAST",0.46,0.59,0.38,0.12,0.5,0,0.5,0.22,6
"1391","YB91_YEAST",0.43,0.6,0.4,0.12,0.5,0,0.49,0.29,6
"1393","YB8G_YEAST",0.65,0.62,0.26,0.33,0.5,0,0.55,0.22,6
"1395","YCFI_YEAST",0.47,0.61,0.32,0.27,0.5,0,0.5,0.3,6
"1399","YCD8_YEAST",0.3,0.68,0.41,0.17,0.5,0,0.51,0.22,6
"1401","YCH0_YEAST",0.55,0.35,0.36,0.29,0.5,0,0.51,0.22,6
"1402","YCQ0_YEAST",0.35,0.32,0.31,0.16,0.5,0,0.56,0.22,6
"1403","YCQ7_YEAST",0.67,0.61,0.39,0.24,0.5,0,0.51,0.22,6
"1406","YCR8_YEAST",0.39,0.56,0.34,0.18,0.5,0,0.49,0.22,6
"1407","YCS4_YEAST",0.51,0.38,0.42,0.21,0.5,0,0.46,0.34,6
"1408","YCT8_YEAST",0.32,0.45,0.39,0.14,0.5,0,0.45,0.22,6
"1412","YCY8_YEAST",0.28,0.48,0.36,0.16,0.5,0,0.53,0.22,6
"1414","YD66_YEAST",0.52,0.65,0.36,0.26,0.5,0,0.44,0.22,6
"1417","YEA6_YEAST",0.42,0.71,0.45,0.15,0.5,0,0.48,0.22,6
"1418","YEP0_YEAST",0.38,0.37,0.36,0.14,0.5,0,0.54,0.22,6
"1420","YGL1_YEAST",0.38,0.56,0.38,0.16,0.5,0,0.53,0.22,6
"1422","YHA8_YEAST",0.63,0.65,0.42,0.18,0.5,0,0.54,0.27,6
"1425","YHC6_YEAST",0.61,0.76,0.3,0.16,0.5,0,0.45,0.41,6
"1427","YHD5_YEAST",0.38,0.67,0.33,0.17,0.5,0,0.51,0.22,6
"1428","YHE0_YEAST",0.39,0.33,0.33,0.23,0.5,0,0.47,0.22,6
"1429","YHF0_YEAST",0.5,0.63,0.45,0.13,0.5,0,0.45,0.32,6
"1430","YHG2_YEAST",0.2,0.6,0.5,0.29,0.5,0,0.51,0.22,6
"1431","YHI7_YEAST",0.29,0.26,0.43,0.17,0.5,0,0.55,0.3,6
"1432","YHJ2_YEAST",0.51,0.46,0.41,0.36,0.5,0,0.49,0.22,6
"1434","YHK8_YEAST",0.49,0.56,0.37,0.2,0.5,0,0.53,0.22,6
"1439","YHT3_YEAST",0.49,0.55,0.35,0.23,0.5,0,0.57,0.22,6
"1441","YHU2_YEAST",0.6,0.68,0.3,0.27,0.5,0,0.55,0.22,6
"1446","YIB3_YEAST",0.52,0.46,0.34,0.2,0.5,0,0.51,0.25,6
"1454","YKA8_YEAST",0.3,0.37,0.4,0.45,0.5,0,0.48,0.41,6
"1467","YK68_YEAST",0.32,0.29,0.29,0.08,0.5,0,0.52,0.22,6
"1","ADT1_YEAST",0.58,0.61,0.47,0.13,0.5,0,0.48,0.22,7
"2","ADT2_YEAST",0.43,0.67,0.48,0.27,0.5,0,0.53,0.22,7
"3","ADT3_YEAST",0.64,0.62,0.49,0.15,0.5,0,0.53,0.22,7
"5","AATM_YEAST",0.42,0.44,0.48,0.54,0.5,0,0.48,0.22,7
"7","ABC1_YEAST",0.5,0.54,0.48,0.65,0.5,0,0.53,0.22,7
"9","ABF2_YEAST",0.55,0.5,0.66,0.36,0.5,0,0.49,0.22,7
"14","ACON_YEAST",0.6,0.4,0.52,0.46,0.5,0,0.53,0.22,7
"15","ACR1_YEAST",0.66,0.55,0.45,0.19,0.5,0,0.46,0.22,7
"26","ADH3_YEAST",0.51,0.51,0.52,0.51,0.5,0,0.54,0.22,7
"29","KAD2_YEAST",0.63,0.67,0.57,0.24,0.5,0,0.49,0.22,7
"32","AFG3_YEAST",0.51,0.51,0.43,0.87,0.5,0,0.52,0.22,7
"37","YMX1_YEAST",0.72,0.61,0.45,0.3,0.5,0,0.54,0.25,7
"39","DHA1_YEAST",0.59,0.53,0.43,0.44,0.5,0,0.5,0.22,7
"40","DHA2_YEAST",0.57,0.53,0.53,0.34,0.5,0,0.53,0.22,7
"60","AR56_YEAST",0.45,0.58,0.48,0.67,0.5,0,0.52,0.22,7
"61","ARGD_YEAST",0.43,0.35,0.52,0.52,0.5,0,0.54,0.22,7
"73","ATM1_YEAST",0.6,0.5,0.44,0.61,0.5,0,0.47,0.22,7
"74","ATPA_YEAST",0.45,0.55,0.54,0.66,0.5,0,0.47,0.22,7
"75","ATPY_YEAST",0.46,0.49,0.58,0.23,0.5,0,0.44,0.22,7
"76","ATPS_YEAST",0.49,0.42,0.56,0.55,0.5,0,0.42,0.25,7
"77","ATPT_YEAST",0.63,0.53,0.54,0.4,0.5,0,0.5,0.22,7
"78","ATPU_YEAST",0.5,0.54,0.53,0.54,0.5,0,0.51,0.27,7
"79","ATPE_YEAST",0.63,0.57,0.59,0.4,0.5,0,0.38,0.22,7
"80","ATPB_YEAST",0.43,0.57,0.51,0.49,0.5,0,0.48,0.22,7
"81","ATPG_YEAST",0.48,0.45,0.55,0.5,0.5,0,0.53,0.22,7
"82","ATPD_YEAST",0.5,0.58,0.46,0.46,0.5,0,0.46,0.22,7
"83","ATPO_YEAST",0.51,0.54,0.6,0.57,0.5,0,0.58,0.22,7
"84","ATP7_YEAST",0.54,0.52,0.63,0.37,0.5,0,0.46,0.22,7
"85","ATP8_YEAST",0.67,0.62,0.4,0.43,0.5,0.83,0.5,0.22,7
"92","BCS1_YEAST",0.46,0.38,0.47,0.22,0.5,0,0.52,0.27,7
"98","CYBM_YEAST",0.61,0.72,0.39,0.33,0.5,0,0.58,0.22,7
"99","YMC4_YEAST",0.78,0.75,0.4,0.28,0.5,0,0.53,0.22,7
"116","CBP1_YEAST",0.45,0.45,0.5,0.6,0.5,0,0.49,0.22,7
"117","CBP2_YEAST",0.59,0.67,0.56,0.41,0.5,0,0.47,0.22,7
"118","CBP3_YEAST",0.47,0.47,0.57,0.48,0.5,0,0.48,0.22,7
"119","CBP4_YEAST",0.35,0.52,0.48,0.22,0.5,0,0.26,0.22,7
"120","CBP6_YEAST",0.47,0.41,0.66,0.26,0.5,0,0.53,0.22,7
"121","NC5R_YEAST",0.64,0.62,0.29,0.28,0.5,0,0.51,0.22,7
"122","CBS1_YEAST",0.55,0.53,0.55,0.46,0.5,0,0.52,0.22,7
"123","CBS2_YEAST",0.67,0.62,0.54,0.43,0.5,0,0.53,0.22,7
"124","TNT_YEAST",0.59,0.6,0.49,0.43,0.5,0,0.53,0.31,7
"126","CCE1_YEAST",0.58,0.62,0.54,0.17,0.5,0,0.48,0.22,7
"128","CCPR_YEAST",0.46,0.71,0.48,0.53,0.5,0,0.53,0.22,7
"160","CEM1_YEAST",0.71,0.59,0.48,0.43,0.5,0,0.59,0.22,7
"175","CISY_YEAST",0.38,0.68,0.44,0.45,0.5,0,0.53,0.22,7
"192","CYB_YEAST",0.61,0.72,0.31,0.33,0.5,0,0.56,0.22,7
"194","COQ1_YEAST",0.52,0.51,0.51,0.54,0.5,0,0.55,0.27,7
"195","COQ2_YEAST",0.63,0.56,0.45,0.58,0.5,0,0.51,0.22,7
"196","COQ3_YEAST",0.52,0.56,0.54,0.53,0.5,0,0.45,0.22,7
"197","UCR1_YEAST",0.58,0.58,0.58,0.49,0.5,0,0.49,0.26,7
"198","COT1_YEAST",0.72,0.62,0.34,0.29,0.5,0,0.56,0.28,7
"199","COX1_YEAST",0.72,0.61,0.37,0.3,0.5,0,0.57,0.22,7
"200","COXX_YEAST",0.46,0.43,0.38,0.33,0.5,0,0.48,0.28,7
"201","COXZ_YEAST",0.57,0.57,0.44,0.37,0.5,0,0.52,0.25,7
"202","COXG_YEAST",0.42,0.31,0.62,0.12,0.5,0,0.4,0.22,7
"203","COXE_YEAST",0.49,0.46,0.45,0.45,0.5,0,0.52,0.22,7
"204","YEX1_YEAST",0.42,0.58,0.41,0.65,0.5,0,0.46,0.26,7
"205","COX2_YEAST",0.59,0.61,0.34,0.22,0.5,0,0.51,0.22,7
"206","COX3_YEAST",0.52,0.77,0.38,0.34,0.5,0,0.51,0.22,7
"207","COX4_YEAST",0.5,0.52,0.6,0.51,0.5,0,0.48,0.22,7
"208","COXA_YEAST",0.49,0.6,0.43,0.56,0.5,0,0.36,0.22,7
"209","COXB_YEAST",0.5,0.41,0.44,0.5,0.5,0,0.42,0.22,7
"210","COX6_YEAST",0.5,0.4,0.56,0.7,0.5,0,0.5,0.22,7
"211","COX7_YEAST",0.37,0.58,0.44,0.51,0.5,0,0.44,0.22,7
"212","COX8_YEAST",0.55,0.45,0.45,0.54,0.5,0,0.5,0.22,7
"213","COX9_YEAST",0.67,0.68,0.46,0.29,0.5,0,0.46,0.22,7
"218","CYPC_YEAST",0.47,0.46,0.59,0.49,0.5,0,0.56,0.22,7
"239","CYB2_YEAST",0.53,0.44,0.51,0.33,0.5,0,0.52,0.22,7
"240","CYC1_YEAST",0.46,0.54,0.71,0.15,0.5,0,0.59,0.22,7
"241","CYC2_YEAST",0.4,0.56,0.48,0.14,0.5,0,0.47,0.22,7
"242","CCHL_YEAST",0.53,0.53,0.6,0.13,0.5,0,0.49,0.22,7
"243","CYC7_YEAST",0.42,0.57,0.72,0.22,0.5,0,0.57,0.22,7
"247","CY1_YEAST",0.44,0.68,0.45,0.51,0.5,0,0.52,0.41,7
"248","CYT2_YEAST",0.27,0.39,0.66,0.11,0.5,0,0.44,0.22,7
"266","DLD1_YEAST",0.47,0.65,0.54,0.62,0.5,0,0.53,0.36,7
"391","GPDM_YEAST",0.69,0.5,0.49,0.42,0.5,0,0.49,0.22,7
"400","HEM1_YEAST",0.57,0.59,0.5,0.58,0.5,0,0.53,0.22,7
"403","HEMZ_YEAST",0.47,0.45,0.53,0.62,0.5,0,0.46,0.22,7
"429","CH10_YEAST",0.55,0.53,0.56,0.29,0.5,0,0.48,0.22,7
"433","HS60_YEAST",0.45,0.56,0.51,0.64,0.5,0,0.54,0.22,7
"434","HSP7_YEAST",0.38,0.46,0.52,0.75,0.5,0,0.5,0.26,7
"440","SYH_YEAST",0.51,0.68,0.49,0.59,0.5,0,0.54,0.27,7
"452","IDH1_YEAST",0.53,0.56,0.49,0.46,0.5,0,0.52,0.22,7
"453","IDH2_YEAST",0.45,0.54,0.54,0.62,0.5,0,0.53,0.22,7
"455","IDHP_YEAST",0.51,0.52,0.48,0.5,0.5,0,0.51,0.22,7
"456","IF2M_YEAST",0.55,0.49,0.5,0.46,0.5,0,0.52,0.25,7
"458","THDH_YEAST",0.5,0.53,0.45,0.44,0.5,0,0.49,0.22,7
"459","ILVB_YEAST",0.45,0.59,0.53,0.74,0.5,0,0.47,0.25,7
"460","ILV5_YEAST",0.57,0.61,0.55,0.67,0.5,0,0.48,0.22,7
"462","IMP1_YEAST",0.67,0.51,0.53,0.28,0.5,0,0.51,0.22,7
"463","IMP2_YEAST",0.35,0.49,0.47,0.22,0.5,0,0.5,0.28,7
"464","IATP_YEAST",0.47,0.63,0.66,0.45,0.5,0,0.37,0.11,7
"472","IS42_YEAST",0.58,0.55,0.52,0.22,0.5,0,0.44,0.22,7
"473","ISP6_YEAST",0.59,0.57,0.46,0.14,0.5,0,0.52,0.22,7
"480","ACOX_YEAST",0.46,0.41,0.5,0.44,0.5,0,0.53,0.22,7
"494","ODO1_YEAST",0.54,0.51,0.54,0.52,0.5,0,0.47,0.25,7
"495","ODO2_YEAST",0.53,0.5,0.54,0.56,0.5,0,0.49,0.41,7
"516","MSF1_YEAST",0.36,0.44,0.57,0.18,0.5,0,0.42,0.22,7
"521","ODP2_YEAST",0.48,0.57,0.52,0.61,0.5,0,0.51,0.22,7
"527","LEU1_YEAST",0.52,0.62,0.54,0.19,0.5,0,0.5,0.22,7
"529","LIP5_YEAST",0.68,0.5,0.55,0.65,0.5,0,0.46,0.31,7
"531","DLDH_YEAST",0.48,0.48,0.5,0.47,0.5,0,0.55,0.22,7
"548","MPP2_YEAST",0.5,0.62,0.54,0.66,0.5,0,0.49,0.22,7
"549","MPP1_YEAST",0.47,0.54,0.54,0.48,0.5,0,0.53,0.26,7
"550","OM20_YEAST",0.72,0.58,0.42,0.28,0.5,0,0.48,0.22,7
"551","MAS6_YEAST",0.41,0.41,0.51,0.19,0.5,0,0.57,0.22,7
"552","OM70_YEAST",0.81,0.65,0.52,0.41,0.5,0,0.57,0.26,7
"557","MDHM_YEAST",0.58,0.49,0.5,0.41,0.5,0,0.57,0.22,7
"560","MDJ1_YEAST",0.4,0.52,0.53,0.52,0.5,0,0.51,0.22,7
"564","MD10_YEAST",0.32,0.47,0.55,0.25,0.5,0,0.49,0.22,7
"566","EFG1_YEAST",0.53,0.48,0.45,0.44,0.5,0,0.49,0.27,7
"567","EFG2_YEAST",0.49,0.48,0.46,0.63,0.5,0,0.52,0.22,7
"582","GRPE_YEAST",0.45,0.48,0.63,0.67,0.5,0,0.48,0.22,7
"583","MGM1_YEAST",0.66,0.52,0.52,0.44,0.5,0,0.56,0.27,7
"584","M101_YEAST",0.5,0.49,0.59,0.47,0.5,0,0.49,0.36,7
"588","DPOG_YEAST",0.48,0.47,0.54,0.55,0.5,0,0.51,0.65,7
"589","MPCP_YEAST",0.6,0.59,0.45,0.23,0.5,0,0.55,0.22,7
"590","C1TM_YEAST",0.45,0.73,0.47,0.65,0.5,0,0.54,0.43,7
"597","MOD5_YEAST",0.67,0.51,0.54,0.21,0.5,0,0.43,0.3,7
"599","MPI1_YEAST",0.4,0.68,0.5,0.82,0.5,0,0.44,0.36,7
"600","MPI2_YEAST",0.59,0.57,0.43,0.26,0.5,0,0.51,0.22,7
"602","RF1M_YEAST",0.6,0.62,0.54,0.4,0.5,0,0.5,0.22,7
"603","RT01_YEAST",0.36,0.4,0.53,0.48,0.5,0,0.48,0.22,7
"604","RT13_YEAST",0.51,0.42,0.56,0.38,0.5,0,0.46,0.22,7
"605","RT17_YEAST",0.41,0.54,0.58,0.2,0.5,0,0.52,0.22,7
"606","RT02_YEAST",0.57,0.4,0.62,0.3,0.5,0,0.48,0.11,7
"607","RM41_YEAST",0.52,0.5,0.59,0.31,0.5,0,0.5,0.22,7
"608","RT04_YEAST",0.42,0.53,0.53,0.64,0.5,0,0.47,0.22,7
"609","RM49_YEAST",0.5,0.46,0.64,0.36,0.5,0,0.49,0.22,7
"610","RM02_YEAST",0.6,0.51,0.6,0.38,0.5,0.83,0.52,0.24,7
"611","RT08_YEAST",0.45,0.38,0.64,0.14,0.5,0,0.54,0.22,7
"612","RM13_YEAST",0.6,0.57,0.64,0.52,0.5,0,0.47,0.28,7
"613","RM16_YEAST",0.53,0.42,0.58,0.29,0.5,0,0.5,0.22,7
"614","RM20_YEAST",0.41,0.52,0.53,0.41,0.5,0,0.39,0.33,7
"615","RM25_YEAST",0.45,0.43,0.63,0.4,0.5,0,0.59,0.11,7
"616","RM27_YEAST",0.44,0.44,0.67,0.35,0.5,0,0.48,0.26,7
"617","RM31_YEAST",0.58,0.52,0.61,0.33,0.5,0,0.38,0.11,7
"618","RM32_YEAST",0.57,0.61,0.55,0.27,0.5,0,0.44,0.21,7
"619","RM33_YEAST",0.57,0.58,0.58,0.35,0.5,0,0.49,0.22,7
"620","RM36_YEAST",0.64,0.64,0.56,0.21,0.5,0,0.5,0.22,7
"621","RM37_YEAST",0.56,0.5,0.61,0.49,0.5,0,0.46,0.28,7
"622","RM38_YEAST",0.6,0.46,0.59,0.16,0.5,0,0.49,0.22,7
"623","RM04_YEAST",0.36,0.38,0.56,0.44,0.5,0,0.48,0.22,7
"624","RM44_YEAST",0.53,0.52,0.61,0.35,0.5,0,0.5,0.22,7
"625","RM06_YEAST",0.62,0.59,0.54,0.47,0.5,0,0.46,0.22,7
"626","RM08_YEAST",0.55,0.5,0.6,0.31,0.5,0,0.46,0.27,7
"627","RM09_YEAST",0.58,0.53,0.57,0.46,0.5,0,0.51,0.27,7
"628","RT28_YEAST",0.65,0.53,0.55,0.52,0.5,0,0.47,0.27,7
"629","RT05_YEAST",0.38,0.54,0.54,0.41,0.5,0,0.51,0.22,7
"630","RT09_YEAST",0.58,0.53,0.5,0.53,0.5,0,0.47,0.31,7
"631","MRS1_YEAST",0.61,0.46,0.51,0.37,0.5,0,0.51,0.22,7
"632","MRS2_YEAST",0.55,0.59,0.47,0.64,0.5,0,0.54,0.33,7
"633","MRS3_YEAST",0.54,0.64,0.5,0.13,0.5,0,0.49,0.22,7
"634","MRS4_YEAST",0.4,0.74,0.49,0.16,0.5,0,0.51,0.22,7
"636","SYDM_YEAST",0.51,0.56,0.51,0.42,0.5,0,0.53,0.36,7
"637","SYFM_YEAST",0.43,0.32,0.5,0.29,0.5,0,0.5,0.22,7
"638","MSH1_YEAST",0.49,0.44,0.45,0.55,0.5,0,0.48,0.22,7
"642","SYKM_YEAST",0.5,0.56,0.49,0.61,0.5,0,0.5,0.22,7
"643","SYMM_YEAST",0.51,0.48,0.51,0.43,0.5,0,0.49,0.22,7
"647","MSP1_YEAST",0.63,0.6,0.5,0.27,0.5,0,0.55,0.22,7
"648","SYR_YEAST",0.46,0.44,0.53,0.31,0.5,0,0.48,0.22,7
"649","MSS1_YEAST",0.58,0.57,0.54,0.69,0.5,0,0.54,0.22,7
"650","MS16_YEAST",0.61,0.59,0.47,0.49,0.5,0,0.54,0.22,7
"651","MS18_YEAST",0.63,0.47,0.56,0.12,0.5,0,0.5,0.22,7
"652","MS51_YEAST",0.55,0.53,0.54,0.4,0.5,0,0.48,0.22,7
"653","SYTM_YEAST",0.41,0.47,0.58,0.62,0.5,0,0.5,0.22,7
"654","SYWM_YEAST",0.44,0.53,0.53,0.37,0.5,0,0.51,0.22,7
"656","MTF1_YEAST",0.46,0.46,0.56,0.12,0.5,0,0.55,0.22,7
"670","NAM1_YEAST",0.51,0.46,0.54,0.41,0.5,0,0.53,0.22,7
"671","SYLM_YEAST",0.6,0.51,0.52,0.45,0.5,0,0.5,0.27,7
"673","NAM9_YEAST",0.37,0.51,0.57,0.4,0.5,0,0.48,0.27,7
"680","NDI1_YEAST",0.53,0.61,0.51,0.49,0.5,0,0.54,0.27,7
"699","NUC1_YEAST",0.75,0.67,0.51,0.29,0.5,0,0.52,0.36,7
"711","ATP9_YEAST",0.78,0.65,0.4,0.16,0.5,0,0.63,0.22,7
"712","ATP6_YEAST",0.52,0.64,0.34,0.16,0.5,0,0.57,0.22,7
"713","OM45_YEAST",0.75,0.66,0.64,0.39,0.5,0,0.46,0.32,7
"714","PORI_YEAST",0.41,0.49,0.58,0.22,0.5,0,0.52,0.22,7
"719","YM38_YEAST",0.39,0.28,0.54,0.14,0.5,0,0.59,0.22,7
"732","ODPA_YEAST",0.6,0.54,0.54,0.53,0.5,0,0.52,0.27,7
"733","ODPB_YEAST",0.49,0.52,0.53,0.7,0.5,0,0.51,0.22,7
"745","ODPX_YEAST",0.45,0.58,0.59,0.44,0.5,0,0.56,0.22,7
"753","PT11_YEAST",0.5,0.32,0.49,0.49,0.5,0,0.48,0.32,7
"754","PT12_YEAST",0.45,0.53,0.47,0.43,0.5,0,0.5,0.27,7
"755","PT17_YEAST",0.75,0.6,0.43,0.35,0.5,0,0.45,0.27,7
"756","PT22_YEAST",0.56,0.68,0.52,0.39,0.5,0,0.36,0.22,7
"757","RTPT_YEAST",0.48,0.45,0.59,0.35,0.5,0,0.55,0.3,7
"758","PT27_YEAST",0.26,0.28,0.6,0.2,0.5,0,0.54,0.31,7
"759","PT91_YEAST",0.59,0.45,0.58,0.21,0.5,0,0.49,0.22,7
"760","PT09_YEAST",0.48,0.52,0.49,0.35,0.5,0.5,0.51,0.22,7
"761","PT94_YEAST",0.59,0.58,0.47,0.61,0.5,0,0.44,0.3,7
"762","PT54_YEAST",0.5,0.57,0.62,0.25,0.5,0,0.51,0.22,7
"785","PIF1_YEAST",0.59,0.61,0.51,0.62,0.5,0,0.51,0.38,7
"787","LONM_YEAST",0.47,0.54,0.53,0.77,0.5,0,0.52,0.36,7
"815","IPY2_YEAST",0.42,0.65,0.58,0.34,0.5,0,0.5,0.22,7
"851","DPSD_YEAST",0.51,0.46,0.4,0.65,0.5,0,0.49,0.22,7
"860","PUT1_YEAST",0.6,0.59,0.47,0.47,0.5,0,0.53,0.22,7
"861","PUT2_YEAST",0.45,0.53,0.51,0.42,0.5,0,0.52,0.22,7
"867","UCRX_YEAST",0.5,0.62,0.52,0.3,0.5,0,0.56,0.22,7
"868","UCR2_YEAST",0.49,0.45,0.54,0.4,0.5,0,0.55,0.22,7
"869","UCR6_YEAST",0.64,0.53,0.59,0.14,0.5,0,0.53,0.22,7
"870","UCRQ_YEAST",0.57,0.6,0.54,0.17,0.5,0,0.52,0.22,7
"871","UCR8_YEAST",0.38,0.31,0.59,0.19,0.5,0,0.46,0.22,7
"872","UCR9_YEAST",0.68,0.53,0.44,0.31,0.5,0,0.51,0.22,7
"900","RCA1_YEAST",0.41,0.41,0.43,0.61,0.5,0,0.53,0.22,7
"919","RIM1_YEAST",0.55,0.38,0.64,0.42,0.5,0,0.47,0.22,7
"920","RIM2_YEAST",0.45,0.43,0.5,0.25,0.5,0,0.47,0.22,7
"921","UCRI_YEAST",0.47,0.53,0.48,0.51,0.5,0,0.54,0.22,7
"1002","RPM2_YEAST",0.42,0.49,0.49,0.36,0.5,0,0.57,0.26,7
"1005","RPOM_YEAST",0.47,0.56,0.46,0.5,0.5,0,0.51,0.22,7
"1040","SCJ1_YEAST",0.39,1,0.38,0.41,0.5,0,0.5,0.27,7
"1043","SCO1_YEAST",0.52,0.54,0.47,0.49,0.5,0,0.54,0.22,7
"1045","DHSA_YEAST",0.56,0.65,0.49,0.56,0.5,0,0.49,0.22,7
"1046","DHSB_YEAST",0.53,0.51,0.55,0.57,0.5,0,0.46,0.22,7
"1047","SDH3_YEAST",0.54,0.64,0.4,0.56,0.5,0,0.51,0.22,7
"1048","SDH4_YEAST",0.47,0.58,0.47,0.52,0.5,0,0.54,0.22,7
"1076","TRAM_YEAST",0.47,0.52,0.54,0.25,0.5,0,0.54,0.29,7
"1087","SHM1_YEAST",0.56,0.59,0.45,0.15,0.5,0,0.54,0.22,7
"1088","GLYM_YEAST",0.47,0.56,0.53,0.44,0.5,0,0.53,0.22,7
"1116","SMF1_YEAST",0.57,0.51,0.34,0.13,0.5,0,0.53,0.27,7
"1117","SMF2_YEAST",0.23,0.37,0.32,0.13,0.5,0,0.53,0.22,7
"1133","SODM_YEAST",0.54,0.47,0.58,0.4,0.5,0,0.46,0.27,7
"1180","HS77_YEAST",0.51,0.5,0.49,0.45,0.5,0,0.48,0.22,7
"1200","STF1_YEAST",0.55,0.41,0.67,0.61,0.5,0,0.49,0.14,7
"1201","STF2_YEAST",0.28,0.18,0.72,0.26,0.5,0,0.49,0.25,7
"1220","SUV3_YEAST",0.61,0.54,0.54,0.38,0.5,0,0.54,0.29,7
"1291","TRM1_YEAST",0.53,0.45,0.52,0.29,0.5,0,0.55,0.38,7
"1305","EFTU_YEAST",0.61,0.73,0.5,0.58,0.5,0,0.5,0.22,7
"1333","RMAR_YEAST",0.66,0.37,0.6,0.25,0.5,0,0.69,0.22,7
"1358","YAB1_YEAST",0.51,0.39,0.56,0.55,0.5,0,0.46,0.64,7
"1373","CACM_YEAST",0.45,0.39,0.46,0.29,0.5,0,0.42,0.22,7
"1374","FMT_YEAST",0.59,0.56,0.5,0.48,0.5,0,0.46,0.22,7
"1380","MRF1_YEAST",0.46,0.61,0.55,0.29,0.5,0,0.49,0.22,7
"1392","YB8E_YEAST",0.56,0.71,0.47,0.21,0.5,0,0.52,0.22,7
"1398","YCA9_YEAST",0.58,0.63,0.52,0.7,0.5,0,0.46,0.22,7
"1405","SYN_YEAST",0.47,0.41,0.53,0.27,0.5,0,0.47,0.25,7
"1445","YIA6_YEAST",0.51,0.59,0.46,0.13,0.5,0,0.48,0.22,7
"1450","YIN4_YEAST",0.58,0.67,0.49,0.16,0.5,0,0.47,0.28,7
"1459","PMT_YEAST",0.5,0.61,0.44,0.2,0.5,0,0.49,0.22,7
"1461","YKN4_YEAST",0.46,0.62,0.46,0.54,0.5,0,0.51,0.27,7
"1463","ACP_YEAST",0.52,0.53,0.58,0.69,0.5,0,0.5,0.22,7
"1469","YMC1_YEAST",0.39,0.58,0.47,0.18,0.5,0,0.48,0.22,7
"1470","YMC2_YEAST",0.38,0.47,0.47,0.18,0.5,0,0.44,0.26,7
"1471","YME1_YEAST",0.63,0.57,0.5,0.48,0.5,0,0.51,0.22,7
"1472","RMR3_YEAST",0.51,0.45,0.62,0.25,0.5,0,0.59,0.22,7
